geo,name,1870,1871,1872,1873,1874,1875,1876,1877,1878,1879,1880,1881,1882,1883,1884,1885,1886,1887,1888,1889,1890,1891,1892,1893,1894,1895,1896,1897,1898,1899,1900,1901,1902,1903,1904,1905,1906,1907,1908,1909,1910,1911,1912,1913,1914,1915,1916,1917,1918,1919,1920,1921,1922,1923,1924,1925,1926,1927,1928,1929,1930,1931,1932,1933,1934,1935,1936,1937,1938,1939,1940,1941,1942,1943,1944,1945,1946,1947,1948,1949,1950,1951,1952,1953,1954,1955,1956,1957,1958,1959,1960,1961,1962,1963,1964,1965,1966,1967,1968,1969,1970,1971,1972,1973,1974,1975,1976,1977,1978,1979,1980,1981,1982,1983,1984,1985,1986,1987,1988,1989,1990,1991,1992,1993,1994,1995,1996,1997,1998,1999,2000,2001,2002,2003,2004,2005,2006,2007,2008,2009,2010,2011,2012,2013,2014,2015,2016,2017
afg,Afghanistan,0.06667,,,,,0.06667,,,,,0.06667,,,,,0.06667,,,,,0.06667,,,,,0.06667,,,,,0.06667,,,,,0.06667,,,,,0.06667,,,,,0.13333,,,,,0.2,,,,,0.26667,,,,,0.26667,,,,,0.33333,,,,,0.4,,,,,0.6,,,,,0.86667,,,,,1.2,,,,,1.46667,,,,,1.93333,,,,,2.33333,,,,,4.13333,,,,,5.2,,,,,7.73333,,,,,9.93333,10.66667,10.66667,11.33333,12,12.66667,12.66667,13.33333,13.33333,14,14.66667,14.66667,15.33333,16,16.66667,17.33333,18,19.33333,20,20.66667,21.33333,22,22.66667,23.33333,23.33333,24,24,25.33333
ago,Angola,,,,,,,,,,,,,,,,,,,,,,,,,,,,,,,,,,,,,,,,,,,,,,,,,,,,,,,,,,,,,,,,,,,,,,,,,,,,,,,,,,,,,,,,,,,,,,,,,,,,,,,,,,,,,,,,,,,,,,,,,,,,,,,,,,29.33333,29.33333,29.33333,29.33333,29.33333,29.33333,29.33333,30,30,30.66667,31.33333,31.33333,31.33333,32,32.66667,32.66667,33.33333,34,34
alb,Albania,0.13333,,,,,0.13333,,,,,0.13333,,,,,0.2,,,,,0.26667,,,,,0.26667,,,,,0.4,,,,,0.46667,,,,,0.6,,,,,1.13333,,,,,1.93333,,,,,3,,,,,4.2,,,,,5.46667,,,,,6.86667,,,,,8.53333,,,,,15.4,,,,,17.26667,,,,,15.46667,,,,,19.4,,,,,22.06667,,,,,26.53333,,,,,33,,,,,45,,,,,52.2,52,52,52,52,53.33333,54.66667,55.33333,56.66667,57.33333,58.66667,58,60,60,60.66667,60.66667,61.33333,61.33333,61.33333,62,62,62,64,64.66667,64.66667,64.66667,66.66667,66.66667
and,Andorra,,,,,,,,,,,,,,,,,,,,,,,,,,,,,,,,,,,,,,,,,,,,,,,,,,,,,,,,,,,,,,,,,,,,,,,,,,,,,,,,,,,,,,,,,,,,,,,,,,,,,,,,,,,,,,,,,,,,,,,,,,,,,,,,,,,44.66667,47.33333,50.66667,67.33333,70,65.33333,67.33333,67.33333,67.33333,67.33333,67.33333,68,68,68,68,68,68,68
are,UAE,,,,,,,,,,,,,,,,,,,,,,,,,,,,,,,,,,,,,,,,,,,,,,,,,,,,,,,,,,,,,,,,,,,,,,,,,,,,,,,,,4.4,,,,,6.13333,,,,,9.2,,,,,12.4,,,,,15.93333,,,,,19.73333,,,,,23.93333,,,,,29.8,,,,,37.53333,39.33333,41.33333,43.33333,45.33333,47.33333,48.66667,50.66667,52,53.33333,55.33333,56,57.33333,58,59.33333,60.66667,62,62.66667,64,64.66667,66,66.66667,68,68.66667,70,70.66667,72,72
arg,Argentina,1.86667,,,,,2.33333,,,,,2.93333,,,,,3.6,,,,,4.26667,,,,,4.73333,,,,,5.2,,,,,6.13333,,,,,10.8,,,,,14.53333,,,,,17.33333,,,,,19.6,,,,,22.66667,,,,,25.33333,,,,,27.8,,,,,29.8,,,,,30.66667,,,,,33.26667,,,,,35.46667,,,,,37.33333,,,,,39.46667,,,,,42.86667,,,,,44.8,,,,,49.66667,,,,,52.53333,53.33333,53.33333,54,54.66667,55.33333,56.66667,57.33333,58.66667,59.33333,60.66667,60.66667,61.33333,62,61.33333,60.66667,60,59.33333,59.33333,62,65.33333,65.33333,65.33333,65.33333,65.33333,65.33333,66,66
arm,Armenia,,,,,,,,,,,,,,,,,,,,,,,,,,,,,,,,,,,,,,,,,,,,,,,,,,,,,,,,,,,,,,,,,,,,,,,,,,,,,,,,,49.06667,,,,,49.86667,,,,,50.73333,,,,,54,,,,,55.6,,,,,58.33333,,,,,61.26667,,,,,63.86667,,,,,67.2,68,68,68.66667,69.33333,69.33333,70,70.66667,71.33333,71.33333,72,71.33333,72,72,72,72.66667,72.66667,73.33333,73.33333,74,74,74.66667,75.33333,76,76.66667,77.33333,78,78
atg,Antigua and Barbuda,,,,,,,,,,,,,,,,,,,,,,,,,,,,,,,,,,,,,,,,,,,,,,,,,,,,,,,,,,,,,,,,,,,,,,,,,,,,,,,,,,,,,,,,,,,,,,,,,,,,,,,,,,,,,,,,,,,,,,,,,,,,,,,,,,,46.66667,59.33333,60,60,60.66667,60.66667,61.33333,61.33333,62,62,61.33333,61.33333,61.33333,61.33333,61.33333,61.33333,61.33333,61.33333
aus,Australia,10.73333,,,,,11,,,,,11.8,,,,,13.26667,,,,,15.2,,,,,17.13333,,,,,18.33333,,,,,20.46667,,,,,22.33333,,,,,26.06667,,,,,29.53333,,,,,32.8,,,,,36.93333,,,,,41,,,,,44.6,,,,,48.06667,,,,,52.46667,,,,,53.66667,,,,,55.06667,,,,,56.86667,,,,,62.33333,,,,,66.93333,,,,,71.93333,,,,,73.46667,,,,,74.66667,78.66667,78.66667,78.66667,78.66667,78.66667,78.66667,78.66667,78.66667,79.33333,79.33333,79.33333,78.66667,78.66667,78.66667,78,79.33333,80,82,82,82.66667,83.33333,84,84,84.66667,85.33333,86,86
aut,Austria,14.2,,,,,14.93333,,,,,15.73333,,,,,16.2,,,,,17.6,,,,,19.33333,,,,,21.4,,,,,23.8,,,,,26.26667,,,,,28.8,,,,,31.46667,,,,,34.06667,,,,,36.93333,,,,,39.66667,,,,,41.93333,,,,,43.6,,,,,42.8,,,,,41.2,,,,,39.6,,,,,46.2,,,,,50.86667,,,,,53.2,,,,,54.66667,,,,,56.06667,,,,,57.6,58,58,58.66667,58.66667,59.33333,59.33333,59.33333,60,60,60,61.33333,62.66667,64,65.33333,66,67.33333,77.33333,76.66667,78,78.66667,78.66667,78.66667,79.33333,80.66667,80.66667,80.66667,80.66667
aze,Azerbaijan,,,,,,,,,,,,,,,,,,,,,,,,,,,,,,,,,,,,,,,,,,,,,,,,,,,,,,,,,,,,,,,,,,,,,,,,,,,,,,,,,,,,,,,,,,,,,,,,,,,,,,,,,,,,,,,,,,,,,,,,,,,,,,68,68.66667,69.33333,70,70,70.66667,70.66667,70.66667,70.66667,70.66667,71.33333,71.33333,68,68,71.33333,71.33333,71.33333,71.33333,72,71.33333,71.33333,71.33333,71.33333
bdi,Burundi,,,,,,,,,,,,,,,,,,,,,,,,,,,,,,,,,,,,,,,,,,,,,,,,,,,,,,,,,,,,,,,,,,,,,,,,,,,,,,,,,1.53333,,,,,1.8,,,,,2.53333,,,,,3.53333,,,,,4.46667,,,,,5.8,,,,,7.26667,,,,,8.8,,,,,9.6,10,10,10,10.66667,10.66667,10.66667,11.33333,11.33333,12,12,12.66667,13.33333,14,14.66667,15.33333,16,16,16.66667,17.33333,17.33333,17.33333,18,18.66667,18.66667,19.33333,20,20
bel,Belgium,15.13333,,,,,14.53333,,,,,15.93333,,,,,17.26667,,,,,18.33333,,,,,18.13333,,,,,17.2,,,,,17.4,,,,,19.33333,,,,,20.26667,,,,,21.6,,,,,23.4,,,,,25.86667,,,,,29.06667,,,,,32.73333,,,,,36.93333,,,,,43.46667,,,,,45.73333,,,,,46.46667,,,,,46.66667,,,,,47.93333,,,,,50.13333,,,,,53.66667,,,,,57.2,,,,,60.66667,63.33333,63.33333,64,64.66667,64.66667,65.33333,65.33333,66,66.66667,66.66667,68,68.66667,69.33333,70,71.33333,74,74,73.33333,74,74,74.66667,74.66667,76,76.66667,78,78.66667,78.66667
ben,Benin,0.06667,,,,,0.06667,,,,,0.06667,,,,,0.06667,,,,,0.06667,,,,,0.06667,,,,,0.06667,,,,,0.06667,,,,,0.13333,,,,,0.13333,,,,,0.2,,,,,0.2,,,,,0.93333,,,,,1.46667,,,,,2,,,,,2.53333,,,,,2.2,,,,,2.66667,,,,,3.13333,,,,,4.06667,,,,,4.2,,,,,4.26667,,,,,4.33333,,,,,7.26667,,,,,10.8,11.33333,12,12.66667,13.33333,14,14.66667,15.33333,16,16.66667,17.33333,17.33333,18,18,18,18.66667,18.66667,18.66667,18.66667,18.66667,18.66667,18.66667,20,21.33333,22,23.33333,24,24
bfa,Burkina Faso,,,,,,,,,,,,,,,,,,,,,,,,,,,,,,,,,,,,,,,,,,,,,,,,,,,,,,,,,,,,,,,,,,,,,,,,,,,,,,,,,,,,,,,,,,,,,,,,,,,,,,,,,,,,,,,,,,,,,,,,,,,,,,,,,,,8,8.66667,8.66667,8.66667,8.66667,8.66667,8.66667,8.66667,8.66667,9.33333,9.33333,9.33333,9.33333,9.33333,9.33333,9.33333,10,10
bgd,Bangladesh,0.06667,,,,,0.06667,,,,,0.13333,,,,,0.13333,,,,,0.13333,,,,,0.2,,,,,0.26667,,,,,0.33333,,,,,1.66667,,,,,2.6,,,,,3.53333,,,,,4.2,,,,,4.86667,,,,,5.33333,,,,,5.73333,,,,,6,,,,,6,,,,,6,,,,,6.06667,,,,,7.2,,,,,7.73333,,,,,7.86667,,,,,13.13333,,,,,16,,,,,18.93333,19.33333,20,20.66667,21.33333,22,23.33333,24,25.33333,26,27.33333,28.66667,28.66667,29.33333,30,30,30.66667,31.33333,32,32,32.66667,34,34,34,34.66667,34.66667,34.66667,38.66667
bgr,Bulgaria,6.13333,,,,,6.26667,,,,,6.46667,,,,,6.6,,,,,6.8,,,,,7.86667,,,,,8.86667,,,,,9.66667,,,,,10.53333,,,,,12.93333,,,,,14.8,,,,,16.06667,,,,,17,,,,,17.4,,,,,19.2,,,,,20.4,,,,,20.8,,,,,22.8,,,,,28.2,,,,,28.66667,,,,,36.66667,,,,,41.06667,,,,,48.06667,,,,,54.46667,,,,,56.26667,59.33333,60,60.66667,61.33333,62,62,62.66667,62.66667,63.33333,63.33333,66,66.66667,67.33333,67.33333,68,69.33333,70,70,70.66667,70.66667,71.33333,72,72.66667,72.66667,78.66667,78.66667,78.66667
bhr,Bahrain,,,,,,,,,,,,,,,,,,,,,,,,,,,,,,,,,,,,,,,,,,,,,,,,,,,,,,,,,,,,,,,,,,,,,,,,,,,,,,,,,6.06667,,,,,6.66667,,,,,7.33333,,,,,8.73333,,,,,12.53333,,,,,18.06667,,,,,27.46667,,,,,35,,,,,40.66667,42,43.33333,44.66667,46,48,49.33333,50.66667,52.66667,54,55.33333,56,56,56,56,56,56,56,56,56,56,57.33333,58.66667,60,60.66667,62,62.66667,62.66667
bhs,Bahamas,,,,,,,,,,,,,,,,,,,,,,,,,,,,,,,,,,,,,,,,,,,,,,,,,,,,,,,,,,,,,,,,,,,,,,,,,,,,,,,,,,,,,,,,,,,,,,,,,,,,,,,,,,,,,,,,,,,,,,,,,,,,,,,,,,,72.66667,72.66667,72.66667,72.66667,72.66667,72.66667,72.66667,72.66667,72.66667,72.66667,72.66667,73.33333,74,74,74,74,74,74
bih,Bosnia and Herzegovina,,,,,,,,,,,,,,,,,,,,,,,,,,,,,,,,,,,,,,,,,,,,,,,,,,,,,,,,,,,,,,,,,,,,,,,,,,,,,,,,,,,,,,,,,,,,,,,,,,,,,,,,,,,,,,,,,,,,,,,,,,,,,,,,,,,46.66667,47.33333,48,48,48.66667,49.33333,49.33333,50,50.66667,51.33333,47.33333,48,55.33333,58,61.33333,60,64.66667,64.66667
blr,Belarus,,,,,,,,,,,,,,,,,,,,,,,,,,,,,,,,,,,,,,,,,,,,,,,,,,,,,,,,,,,,,,,,,,,,,,,,,,,,,,,,,,,,,,,,,,,,,,,,,,,,,,,,,,,,,,,,,,,,,,,,,,,,,,56.66667,57.33333,58,58.66667,58.66667,59.33333,60,60.66667,60.66667,61.33333,62,66.66667,70.66667,75.33333,79.33333,80,80,80,80,80.66667,81.33333,82,82
blz,Belize,1.93333,,,,,2.4,,,,,2.86667,,,,,3.6,,,,,4.46667,,,,,5.53333,,,,,6.8,,,,,8.2,,,,,13.46667,,,,,17.4,,,,,21.33333,,,,,24.73333,,,,,27.66667,,,,,30.53333,,,,,32.93333,,,,,35,,,,,44.73333,,,,,46.4,,,,,47.13333,,,,,49.6,,,,,48.13333,,,,,49.8,,,,,47.2,,,,,49,,,,,54.8,56,57.33333,58.66667,59.33333,60.66667,62,63.33333,64.66667,66,67.33333,67.33333,68,68,68.66667,68.66667,68.66667,69.33333,69.33333,69.33333,70,70,70,70,70,70,70,70
bol,Bolivia,0.33333,,,,,0.4,,,,,0.46667,,,,,0.6,,,,,0.73333,,,,,0.93333,,,,,1.13333,,,,,1.4,,,,,1.73333,,,,,2.13333,,,,,2.66667,,,,,4.33333,,,,,5.73333,,,,,7.06667,,,,,9.06667,,,,,10.73333,,,,,12,,,,,13.86667,,,,,16.8,,,,,18.53333,,,,,21.8,,,,,24.33333,,,,,29.8,,,,,35.73333,,,,,42.73333,43.33333,44.66667,45.33333,46.66667,47.33333,48,48,48.66667,49.33333,49.33333,48.66667,48,47.33333,47.33333,46.66667,48.66667,47.33333,50.66667,52.66667,52,53.33333,55.33333,56,56.66667,58,59.33333,59.33333
bra,Brazil,0.66667,,,,,0.8,,,,,1.06667,,,,,1.33333,,,,,1.6,,,,,1.93333,,,,,3.13333,,,,,4.06667,,,,,5.4,,,,,6.33333,,,,,7.53333,,,,,8.4,,,,,9.4,,,,,10.13333,,,,,11.06667,,,,,11.66667,,,,,13.06667,,,,,14.53333,,,,,16.6,,,,,18.46667,,,,,20.6,,,,,18.8,,,,,19.53333,,,,,23.93333,,,,,26.93333,26,27.33333,28.66667,30,30.66667,32,33.33333,34.66667,36,37.33333,38.66667,40,41.33333,41.33333,42,42.66667,43.33333,44.66667,45.33333,46,47.33333,48.66667,49.33333,49.33333,50.66667,52,52
brb,Barbados,4.8,,,,,5.66667,,,,,6.73333,,,,,7.66667,,,,,8.6,,,,,9.13333,,,,,9.6,,,,,9.93333,,,,,10.86667,,,,,12.53333,,,,,15.46667,,,,,18.53333,,,,,21.6,,,,,24.26667,,,,,26.86667,,,,,29.86667,,,,,30.26667,,,,,31.53333,,,,,32.86667,,,,,41,,,,,52.2,,,,,47.4,,,,,41.93333,,,,,49,,,,,53.86667,54.66667,55.33333,56,56.66667,57.33333,57.33333,57.33333,57.33333,58,60,60,60.66667,60.66667,61.33333,61.33333,61.33333,62,62,62,62.66667,66,70,70,70,70,70.66667,70.66667
brn,Brunei,,,,,,,,,,,,,,,,,,,,,,,,,,,,,,,,,,,,,,,,,,,,,,,,,,,,,,,,,,,,,,,,,,,,,,,,,,,,,,,,,11.46667,,,,,13.26667,,,,,15.26667,,,,,17.6,,,,,23.06667,,,,,28.53333,,,,,40.66667,,,,,44.2,,,,,50.06667,50.66667,51.33333,52,53.33333,54,54,54.66667,54.66667,54.66667,55.33333,55.33333,56,56,56,56.66667,56.66667,57.33333,58,58,58.66667,58.66667,59.33333,59.33333,60,60,60.66667,60.66667
btn,Bhutan,,,,,,,,,,,,,,,,,,,,,,,,,,,,,,,,,,,,,,,,,,,,,,,,,,,,,,,,,,,,,,,,,,,,,,,,,,,,,,,,,,,,,,,,,,,,,,,,,,,,,,,,,,,,,,,,,,,,,,,,,,,,,,,,,,,,,,,,15.33333,15.33333,15.33333,15.33333,15.33333,15.33333,15.33333,16.66667,18.66667,20.66667,20.66667,20.66667,20.66667
bwa,Botswana,,,,,,,,,,,,,,,,,,,,,,,,,,,,,,,,,,,,,,,,,,,,,,,,,,,,,,,,,,,,,,,,,,,,,,,,,,,,,,,,,8.53333,,,,,8.6,,,,,8.66667,,,,,8.8,,,,,8.93333,,,,,14.73333,,,,,15.26667,,,,,26,,,,,36.8,38.66667,40,41.33333,43.33333,44.66667,46,47.33333,48.66667,49.33333,50.66667,51.33333,52.66667,53.33333,54,55.33333,56,56.66667,57.33333,58.66667,59.33333,59.33333,60,60.66667,61.33333,61.33333,62,62
caf,Central African Republic,,,,,,,,,,,,,,,,,,,,,,,,,,,,,,,,,,,,,,,,,,,,,,,,,,,,,,,,,,,,,,,,,,,,,,,,,,,,,,,,,2.2,,,,,2.4,,,,,2.73333,,,,,3.13333,,,,,3.8,,,,,5,,,,,6.8,,,,,9.93333,,,,,13.73333,14,14.66667,15.33333,16,16,16.66667,17.33333,18,18.66667,19.33333,19.33333,20,20.66667,21.33333,22,22,22.66667,22.66667,23.33333,24,24.66667,25.33333,26.66667,27.33333,28,28.66667,28.66667
can,Canada,16.13333,,,,,16.93333,,,,,17.86667,,,,,18.73333,,,,,19.8,,,,,20.73333,,,,,24.2,,,,,27.53333,,,,,30.6,,,,,33.66667,,,,,36.4,,,,,39.26667,,,,,41.73333,,,,,44.6,,,,,46.4,,,,,48.66667,,,,,49.26667,,,,,51.66667,,,,,53.73333,,,,,55.46667,,,,,57.73333,,,,,61.2,,,,,65.6,,,,,65.53333,,,,,68.53333,68.66667,69.33333,70,70.66667,70.66667,71.33333,72,72,72.66667,73.33333,74.66667,76.66667,78,80,81.33333,82,82.66667,82.66667,83.33333,84,84.66667,85.33333,86,86.66667,87.33333,87.33333,88.66667
che,Switzerland,25.93333,,,,,27,,,,,28.13333,,,,,29.4,,,,,30.8,,,,,32.33333,,,,,34,,,,,35.4,,,,,38.53333,,,,,41.2,,,,,43.73333,,,,,46.66667,,,,,49.2,,,,,51.66667,,,,,53.86667,,,,,56.2,,,,,57.73333,,,,,58.66667,,,,,59.4,,,,,61.93333,,,,,65.06667,,,,,68.93333,,,,,73.2,,,,,69.13333,,,,,67.93333,64.66667,64.66667,64.66667,65.33333,65.33333,67.33333,69.33333,72,74,76,77.33333,78,78.66667,79.33333,80,82,84,86,88.66667,88.66667,88.66667,89.33333,89.33333,89.33333,89.33333,89.33333,89.33333
chl,Chile,2.13333,,,,,2.6,,,,,3.13333,,,,,3.73333,,,,,4.2,,,,,4.6,,,,,8.66667,,,,,11.4,,,,,14.33333,,,,,17.66667,,,,,20.33333,,,,,23.46667,,,,,25.8,,,,,28.33333,,,,,29.66667,,,,,30.93333,,,,,31.26667,,,,,32.6,,,,,33.33333,,,,,35.33333,,,,,38.66667,,,,,40,,,,,42.66667,,,,,48.2,,,,,53.46667,54,54.66667,55.33333,55.33333,56,56.66667,57.33333,57.33333,58,58.66667,60,61.33333,62.66667,64,63.33333,63.33333,62.66667,66,66,65.33333,65.33333,66,66,67.33333,68.66667,68.66667,68.66667
chn,China,0.06667,,,,,0.06667,,,,,0.06667,,,,,0.06667,,,,,0.06667,,,,,0.06667,,,,,0.06667,,,,,0.06667,,,,,0.13333,,,,,0.2,,,,,0.33333,,,,,0.46667,,,,,1,,,,,1.6,,,,,2.2,,,,,3.06667,,,,,4.33333,,,,,7.26667,,,,,10.33333,,,,,14.8,,,,,18.46667,,,,,23.2,,,,,27.73333,,,,,31.86667,,,,,35.6,33.33333,34.66667,35.33333,36.66667,38,38.66667,40,41.33333,42,43.33333,43.33333,44,44.66667,45.33333,46,46,46.66667,46.66667,47.33333,48.66667,49.33333,50,50,50.66667,51.33333,52,52
civ,Cote d'Ivoire,0.06667,,,,,0.06667,,,,,0.06667,,,,,0.06667,,,,,0.06667,,,,,0.06667,,,,,0.06667,,,,,0.13333,,,,,0.13333,,,,,0.66667,,,,,1.06667,,,,,1.53333,,,,,2,,,,,2.46667,,,,,2.53333,,,,,2.73333,,,,,2.86667,,,,,3.2,,,,,3.53333,,,,,4.2,,,,,5.06667,,,,,6.26667,,,,,8.6,,,,,11.26667,,,,,13.6,14,14.66667,15.33333,16,16.66667,17.33333,18.66667,20,20.66667,22,22,22.66667,23.33333,24,24.66667,25.33333,26,26.66667,27.33333,28,29.33333,30,31.33333,29.33333,33.33333,34,34.66667
cmr,Cameroon,0.06667,,,,,0.06667,,,,,0.06667,,,,,0.06667,,,,,0.13333,,,,,0.13333,,,,,0.2,,,,,0.33333,,,,,0.46667,,,,,0.53333,,,,,0.6,,,,,0.93333,,,,,1.26667,,,,,1.6,,,,,2.2,,,,,2.8,,,,,3.33333,,,,,4.06667,,,,,5.46667,,,,,6.53333,,,,,8.6,,,,,10.4,,,,,14.13333,,,,,18.6,,,,,23.13333,24,24.66667,26,26.66667,28,28.66667,29.33333,30.66667,31.33333,32,32.66667,34,34,34,34,34.66667,34.66667,34.66667,34.66667,35.33333,36.66667,38,39.33333,40,40.66667,42,42
cod,"Congo, Dem. Rep.",0.06667,,,,,0.06667,,,,,0.06667,,,,,0.06667,,,,,0.06667,,,,,0.06667,,,,,0.06667,,,,,0.13333,,,,,0.2,,,,,0.26667,,,,,0.33333,,,,,0.33333,,,,,0.6,,,,,0.8,,,,,1.2,,,,,1.53333,,,,,2.13333,,,,,2.73333,,,,,3.4,,,,,4.33333,,,,,5.46667,,,,,6.8,,,,,8.53333,,,,,11,,,,,15,16,16.66667,18,18.66667,19.33333,20,20.66667,20.66667,21.33333,22,23.33333,24.66667,26,27.33333,28.66667,30,32,33.33333,34.66667,36,37.33333,38.66667,40,41.33333,42.66667,44,45.33333
cog,"Congo, Rep.",,,,,,,,,,,,,,,,,,,,,,,,,,,,,,,,,,,,,,,,,,,,,,,,,,,,,,,,,,,,,,,,,,,,,,,,,,,,,,,,,2.66667,,,,,2.8,,,,,3.86667,,,,,4.73333,,,,,7.66667,,,,,10.13333,,,,,16.33333,,,,,21.6,,,,,29.26667,30,31.33333,32,33.33333,34,34.66667,35.33333,36,36.66667,36.66667,37.33333,38,38,38.66667,38.66667,39.33333,39.33333,40,40,40.66667,41.33333,41.33333,42,42,42,42,42
col,Colombia,1.73333,,,,,2,,,,,2.26667,,,,,2.6,,,,,3,,,,,3.33333,,,,,4.93333,,,,,6.2,,,,,7.33333,,,,,8.8,,,,,10.06667,,,,,11.53333,,,,,12.6,,,,,13.93333,,,,,14.8,,,,,15.86667,,,,,14.93333,,,,,16.8,,,,,18.53333,,,,,20.53333,,,,,22.53333,,,,,25.73333,,,,,28.4,,,,,31.93333,,,,,36.4,37.33333,38,38.66667,40,40.66667,41.33333,42,42,42.66667,43.33333,43.33333,43.33333,43.33333,44,45.33333,44.66667,48,48.66667,48.66667,49.33333,50,50.66667,52,53.33333,54,55.33333,55.33333
com,Comoros,,,,,,,,,,,,,,,,,,,,,,,,,,,,,,,,,,,,,,,,,,,,,,,,,,,,,,,,,,,,,,,,,,,,,,,,,,,,,,,,,,,,,,,,,,,,,,,,,,,,,,,,,,,,,,,,,,,,,,,,,,,,,,,,,,,,,,,18.66667,20.66667,22,23.33333,24.66667,26,28,29.33333,30.66667,31.33333,32,32,32,32
cpv,Cape Verde,,,,,,,,,,,,,,,,,,,,,,,,,,,,,,,,,,,,,,,,,,,,,,,,,,,,,,,,,,,,,,,,,,,,,,,,,,,,,,,,,,,,,,,,,,,,,,,,,,,,,,,,,,,,,,,,,,,,,,,,,,,,,,,,,,,23.33333,24.66667,25.33333,26.66667,28,28.66667,30,30.66667,32,33.33333,34,35.33333,36,37.33333,38.66667,39.33333,40.66667,40.66667
cri,Costa Rica,1.53333,,,,,1.93333,,,,,2.33333,,,,,2.8,,,,,3.6,,,,,4.4,,,,,8.06667,,,,,11.13333,,,,,13.53333,,,,,16.2,,,,,18.26667,,,,,20.06667,,,,,21.4,,,,,22.66667,,,,,23.2,,,,,23.93333,,,,,23.4,,,,,23.66667,,,,,24.6,,,,,25.66667,,,,,24.13333,,,,,29.93333,,,,,35.4,,,,,40.26667,,,,,44.8,46.66667,47.33333,48,48.66667,49.33333,50,51.33333,52,52.66667,53.33333,53.33333,53.33333,52.66667,52.66667,52.66667,52.66667,54,56,56,55.33333,56,56.66667,56.66667,57.33333,58.66667,58.66667,58.66667
cub,Cuba,0.53333,,,,,0.73333,,,,,0.93333,,,,,1.2,,,,,1.53333,,,,,1.93333,,,,,2.53333,,,,,5.93333,,,,,8.33333,,,,,10.73333,,,,,13.66667,,,,,16,,,,,18.46667,,,,,20.33333,,,,,21.93333,,,,,22.86667,,,,,22.93333,,,,,23.86667,,,,,25.66667,,,,,28.8,,,,,32.2,,,,,37.26667,,,,,40.13333,,,,,46.6,,,,,51.6,57.33333,58.66667,59.33333,60.66667,61.33333,62,62.66667,63.33333,64,64,64.66667,63.33333,65.33333,65.33333,66,67.33333,69.33333,70.66667,72,73.33333,75.33333,72,73.33333,74.66667,76,77.33333,78.66667
cyp,Cyprus,1.46667,,,,,1.73333,,,,,2.13333,,,,,2.53333,,,,,3.06667,,,,,3.66667,,,,,4.6,,,,,5.4,,,,,6.13333,,,,,8.53333,,,,,10.46667,,,,,12.2,,,,,13.53333,,,,,14.8,,,,,15.8,,,,,17.93333,,,,,20.66667,,,,,24.66667,,,,,29.13333,,,,,31.6,,,,,33.86667,,,,,39.6,,,,,44.8,,,,,51.26667,,,,,58,58.66667,59.33333,60,60.66667,61.33333,62.66667,63.33333,64.66667,65.33333,66.66667,67.33333,68,69.33333,70,71.33333,72.66667,74.66667,75.33333,75.33333,76.66667,77.33333,78.66667,80,79.33333,79.33333,80.66667,80.66667
cze,Czech Republic,20.33333,,,,,20.53333,,,,,21.26667,,,,,22,,,,,22.73333,,,,,23.53333,,,,,24.33333,,,,,25.06667,,,,,27.33333,,,,,29.2,,,,,30.93333,,,,,33.8,,,,,36.33333,,,,,38.8,,,,,40.53333,,,,,42.73333,,,,,53.8,,,,,54.8,,,,,53.86667,,,,,59.2,,,,,63.73333,,,,,65.66667,,,,,68.2,,,,,69.73333,,,,,72.53333,56,57.33333,59.33333,60.66667,62.66667,64,66,67.33333,69.33333,70.66667,72.66667,74,76,77.33333,79.33333,80.66667,81.33333,81.33333,82,82.66667,83.33333,82.66667,84,85.33333,84.66667,84.66667,84.66667
deu,Germany,13,,,,,14.4,,,,,15.8,,,,,17.4,,,,,18.93333,,,,,20.4,,,,,21.86667,,,,,23.2,,,,,24.26667,,,,,25.06667,,,,,29.2,,,,,32.86667,,,,,36.53333,,,,,39.86667,,,,,42.86667,,,,,44.66667,,,,,44.73333,,,,,49.8,,,,,50.2,,,,,51.2,,,,,51.4,,,,,50.53333,,,,,50.86667,,,,,50.33333,,,,,58.46667,59.33333,60.66667,62,63.33333,64.66667,65.33333,66.66667,68,68.66667,74.66667,78,80.66667,83.33333,86,88.66667,90.66667,91.33333,91.33333,92,92,92.66667,93.33333,93.33333,93.33333,94,94,94
dji,Djibouti,,,,,,,,,,,,,,,,,,,,,,,,,,,,,,,,,,,,,,,,,,,,,,,,,,,,,,,,,,,,,,,,,,,,,,,,,,,,,,,,,,,,,,,,,,,,,,,,,,,,,,,,,,,,,,,,,,,,,,,,,,,,,,18.66667,18.66667,19.33333,20,20.66667,21.33333,22,22.66667,23.33333,24,24.66667,25.33333,26,26,26,26.66667,26.66667,26.66667,26.66667,27.33333,27.33333,27.33333,27.33333
dma,Dominica,,,,,,,,,,,,,,,,,,,,,,,,,,,,,,,,,,,,,,,,,,,,,,,,,,,,,,,,,,,,,,,,,,,,,,,,,,,,,,,,,,,,,,,,,,,,,,,,,,,,,,,,,,,,,,,,,,,,,,,,,,,,,,,,,,,52,52,52,52,52,52,52,52,52,52,52,52,52.66667,52.66667,52.66667,52.66667,52,52
dnk,Denmark,15.93333,,,,,16.33333,,,,,16.66667,,,,,17,,,,,17.4,,,,,17.86667,,,,,18.4,,,,,18.86667,,,,,19.33333,,,,,21,,,,,22.93333,,,,,25.2,,,,,27.46667,,,,,30.13333,,,,,32.6,,,,,35,,,,,35.93333,,,,,27.93333,,,,,30.4,,,,,33.4,,,,,38.6,,,,,43,,,,,48.73333,,,,,53.46667,,,,,59.73333,61.33333,62,63.33333,64.66667,66,67.33333,68,69.33333,70.66667,71.33333,76,80.66667,85.33333,85.33333,85.33333,85.33333,83.33333,86,84.66667,84.66667,84.66667,85.33333,88,85.33333,83.33333,84,84
dom,Dominican Republic,0.2,,,,,0.33333,,,,,0.53333,,,,,0.8,,,,,1.06667,,,,,1.4,,,,,1.6,,,,,1.8,,,,,5.6,,,,,8.13333,,,,,10.53333,,,,,12.33333,,,,,13.66667,,,,,14.73333,,,,,15.26667,,,,,16,,,,,16,,,,,16.06667,,,,,16.06667,,,,,17.46667,,,,,20.26667,,,,,23,,,,,26.46667,,,,,30.06667,,,,,34.26667,34,35.33333,36.66667,38,38.66667,40,40.66667,41.33333,42,42.66667,43.33333,44.66667,45.33333,46,46.66667,47.33333,48,48,48,48.66667,49.33333,50,50.66667,52,52,52,52
dza,Algeria,0.53333,,,,,0.6,,,,,0.8,,,,,1,,,,,1.2,,,,,1.46667,,,,,1.66667,,,,,2.8,,,,,3.6,,,,,4.4,,,,,4.93333,,,,,5.46667,,,,,5.73333,,,,,6,,,,,6.06667,,,,,6,,,,,6,,,,,6,,,,,4.8,,,,,4.26667,,,,,5.2,,,,,7.86667,,,,,11.46667,,,,,16.73333,,,,,22.53333,25.33333,26.66667,28.66667,30,31.33333,33.33333,34.66667,36,38,39.33333,40.66667,42,43.33333,44.66667,46,46.66667,48,44.66667,46,47.33333,49.33333,50.66667,52,52.66667,52.66667,53.33333,53.33333
ecu,Ecuador,0.86667,,,,,1.13333,,,,,1.4,,,,,1.73333,,,,,2.13333,,,,,2.66667,,,,,4.6,,,,,5.93333,,,,,7.2,,,,,8.73333,,,,,10,,,,,11.33333,,,,,12.46667,,,,,13.6,,,,,14.2,,,,,15.2,,,,,15.86667,,,,,17.46667,,,,,19.8,,,,,22.93333,,,,,25.8,,,,,28.46667,,,,,35.93333,,,,,39,,,,,42.93333,44.66667,44.66667,45.33333,46,46,46,46,46,46,46.66667,46.66667,47.33333,47.33333,48,48.66667,48.66667,48.66667,52.66667,52.66667,52.66667,53.33333,54,55.33333,56.66667,56,58,58
egy,Egypt,0.06667,,,,,0.13333,,,,,0.13333,,,,,0.2,,,,,0.2,,,,,0.26667,,,,,0.4,,,,,0.53333,,,,,0.66667,,,,,0.86667,,,,,1.2,,,,,1.53333,,,,,1.8,,,,,2,,,,,2.53333,,,,,2.93333,,,,,3.26667,,,,,3.66667,,,,,4.6,,,,,5.26667,,,,,6.86667,,,,,8.66667,,,,,13.73333,,,,,19.8,,,,,23.4,24,24.66667,25.33333,26,26.66667,28,28.66667,30,30.66667,32,32.66667,34,35.33333,36,37.33333,38.66667,40,41.33333,42.66667,43.33333,44.66667,45.33333,46,46.66667,47.33333,48,48
eri,Eritrea,,,,,,,,,,,,,,,,,,,,,,,,,,,,,,,,,,,,,,,,,,,,,,,,,,,,,,,,,,,,,,,,,,,,,,,,,,,,,,,,,,,,,,,,,,,,,,,,,,,,,,,,,,,,,,,,,,,,,,,,,,,,,,,,,,,,,,,,24.66667,24.66667,25.33333,25.33333,25.33333,26,26,26,26,26,26,26,26.66667
esp,Spain,8.33333,,,,,9.4,,,,,11.66667,,,,,14.2,,,,,16.33333,,,,,18.46667,,,,,20.46667,,,,,22.2,,,,,23.46667,,,,,24.06667,,,,,23.2,,,,,22.06667,,,,,21,,,,,20.66667,,,,,20.33333,,,,,21.4,,,,,23.13333,,,,,23,,,,,24.8,,,,,27.2,,,,,28.93333,,,,,34.2,,,,,38.26667,,,,,40.86667,,,,,43.46667,42.66667,44.66667,47.33333,49.33333,51.33333,52.66667,53.33333,54,54.66667,56,56.66667,56.66667,57.33333,57.33333,59.33333,60,60.66667,61.33333,62,62.66667,63.33333,63.33333,63.33333,64.66667,64.66667,65.33333,65.33333
est,Estonia,,,,,,,,,,,,,,,,,,,,,,,,,,,,,,,,,,,,,,,,,,,,,,,,,,,,,,,,,,,,,,,,,,,,,,,,,,,,,,,,,40.73333,,,,,42.4,,,,,44,,,,,46.4,,,,,48.33333,,,,,52.53333,,,,,55.46667,,,,,58.93333,,,,,62.06667,63.33333,65.33333,66.66667,68.66667,70,71.33333,73.33333,74.66667,76.66667,78,78.66667,79.33333,79.33333,80,80.66667,81.33333,81.33333,82,82.66667,83.33333,83.33333,83.33333,84,84,84.66667,84,84.66667
eth,Ethiopia,,,,,,,,,,,,,,,,,,,,,,,,,,,,,,,,,,,,,,,,,,,,,,,,,,,,,,,,,,,,,,,,,,,,,,,,,,,,,,,,,,,,,,,,,,,,,,,,,,,,,,,,,,,,,,,,,,,,,,,,,,,,,,,,,,,10,10.66667,11.33333,11.33333,12,12.66667,13.33333,14,14.66667,15.33333,15.33333,16,16,16.66667,16.66667,17.33333,18,18
fin,Finland,0.66667,,,,,0.8,,,,,0.93333,,,,,1.13333,,,,,1.4,,,,,1.8,,,,,5.33333,,,,,8.33333,,,,,11.53333,,,,,14.06667,,,,,16.66667,,,,,19.13333,,,,,21.2,,,,,23.26667,,,,,24,,,,,24.73333,,,,,25.46667,,,,,26.2,,,,,26.93333,,,,,31.26667,,,,,36,,,,,42.2,,,,,49.26667,,,,,48.86667,,,,,49.73333,51.33333,52.66667,54.66667,56,57.33333,58.66667,59.33333,60,61.33333,62,62.66667,63.33333,64,79.33333,80,80,80,81.33333,81.33333,82,82,82.66667,82,82.66667,82.66667,82.66667,82.66667
fji,Fiji,0.06667,,,,,0.06667,,,,,0.06667,,,,,0.06667,,,,,0.06667,,,,,0.06667,,,,,0.13333,,,,,0.26667,,,,,0.4,,,,,1.86667,,,,,3.13333,,,,,6.53333,,,,,9,,,,,11.2,,,,,13.73333,,,,,16.46667,,,,,19.73333,,,,,21.86667,,,,,25.66667,,,,,29,,,,,31.2,,,,,34.06667,,,,,39.66667,,,,,45,,,,,55.8,58,59.33333,61.33333,63.33333,65.33333,65.33333,64.66667,64.66667,64,64,63.33333,62.66667,62,62,61.33333,62,62,62.66667,63.33333,64,65.33333,67.33333,68.66667,70,72,72,72
fra,France,4.4,,,,,4.6,,,,,4.86667,,,,,5.93333,,,,,8.33333,,,,,10.8,,,,,13.13333,,,,,15.4,,,,,17.86667,,,,,20.06667,,,,,22.4,,,,,24.2,,,,,25.26667,,,,,26.06667,,,,,27.46667,,,,,28.46667,,,,,28.73333,,,,,29.53333,,,,,27.33333,,,,,29.93333,,,,,33.06667,,,,,36.46667,,,,,39.73333,,,,,44.06667,,,,,48.86667,50,52,54,56,58.66667,60,61.33333,62.66667,64,65.33333,66.66667,67.33333,68,68.66667,69.33333,70.66667,71.33333,71.33333,72,72.66667,72.66667,73.33333,74.66667,76,76.66667,76.66667,76.66667
gab,Gabon,,,,,,,,,,,,,,,,,,,,,,,,,,,,,,,,,,,,,,,,,,,,,,,,,,,,,,,,,,,,,,,,,,,,,,,,,,,,,,,,,2.86667,,,,,2.93333,,,,,3.46667,,,,,4.4,,,,,6.66667,,,,,9.2,,,,,15.73333,,,,,21.66667,,,,,28.8,30,31.33333,32.66667,33.33333,34.66667,36,37.33333,38.66667,40,41.33333,42,43.33333,44,45.33333,46,46.66667,48,48.66667,49.33333,50.66667,51.33333,52,54,54,54,54.66667,54.66667
gbr,UK,5.33333,,,,,5.93333,,,,,6.53333,,,,,7.06667,,,,,8.33333,,,,,10.26667,,,,,13.06667,,,,,15.73333,,,,,20.2,,,,,24.06667,,,,,27.53333,,,,,30.93333,,,,,33.8,,,,,36.26667,,,,,38.06667,,,,,40.2,,,,,40.73333,,,,,41.86667,,,,,43.26667,,,,,46.53333,,,,,50.26667,,,,,53,,,,,54.2,,,,,55.93333,,,,,59.2,57.33333,62,66.66667,71.33333,76,76,76.66667,76.66667,77.33333,78,78.66667,79.33333,80,80.66667,81.33333,82.66667,84,85.33333,87.33333,88,86.66667,86,84,84.66667,85.33333,86,86
geo,Georgia,,,,,,,,,,,,,,,,,,,,,,,,,,,,,,,,,,,,,,,,,,,,,,,,,,,,,,,,,,,,,,,,,,,,,,,,,,,,,,,,,,,,,,,,,,,,,,,,,,,,,,,,,,,,,,,,,,,,,,,,,,,,,,,,,,,78,78.66667,79.33333,80,80,80.66667,80.66667,80.66667,81.33333,81.33333,81.33333,81.33333,83.33333,84,84,84.66667,85.33333,85.33333
gha,Ghana,0.06667,,,,,0.06667,,,,,0.06667,,,,,0.13333,,,,,0.13333,,,,,0.2,,,,,0.2,,,,,0.26667,,,,,0.73333,,,,,1.06667,,,,,1.33333,,,,,1.6,,,,,1.73333,,,,,2.6,,,,,3.26667,,,,,3.86667,,,,,4.06667,,,,,4.4,,,,,4.73333,,,,,7.8,,,,,12,,,,,16,,,,,20.53333,,,,,26.8,,,,,32.73333,34,34.66667,36,36.66667,38,38.66667,38.66667,39.33333,40,40.66667,41.33333,41.33333,42,42.66667,42.66667,43.33333,43.33333,44,44.66667,44.66667,45.33333,45.33333,46,46,46,47.33333,47.33333
gin,Guinea,,,,,,,,,,,,,,,,,,,,,,,,,,,,,,,,,,,,,,,,,,,,,,,,,,,,,,,,,,,,,,,,,,,,,,,,,,,,,,,,,,,,,,,,,,,,,,,,,,,,,,,,,,,,,,,,,,,,,,,,,,8,8,8.66667,8.66667,8.66667,9.33333,9.33333,9.33333,9.33333,10,10,10,10,10.66667,10.66667,10.66667,10.66667,10.66667,10.66667,10.66667,13.33333,16,17.33333,17.33333,17.33333,17.33333,17.33333
gmb,Gambia,0.26667,,,,,0.33333,,,,,0.4,,,,,0.46667,,,,,0.6,,,,,0.73333,,,,,0.93333,,,,,1.13333,,,,,1.4,,,,,1.46667,,,,,1.53333,,,,,1.6,,,,,1.66667,,,,,1.8,,,,,2,,,,,2.2,,,,,2.2,,,,,2.33333,,,,,2.53333,,,,,2.6,,,,,2.86667,,,,,3.06667,,,,,4.53333,,,,,6.33333,,,,,8.26667,9.33333,10,10.66667,11.33333,12,12,12.66667,12.66667,13.33333,13.33333,14,14,14.66667,15.33333,16,16.66667,16.66667,17.33333,18,18.66667,19.33333,20.66667,21.33333,22,22.66667,22.66667,23.33333
gnb,Guinea-Bissau,,,,,,,,,,,,,,,,,,,,,,,,,,,,,,,,,,,,,,,,,,,,,,,,,,,,,,,,,,,,,,,,,,,,,,,,,,,,,,,,,,,,,,,,,,,,,,,,,,,,,,,,,,,,,,,,,,,,,,,,,,,,,,,,,,,,,,,,15.33333,15.33333,15.33333,16,16.66667,17.33333,18,18.66667,18.66667,19.33333,19.33333,20,20
gnq,Equatorial Guinea,,,,,,,,,,,,,,,,,,,,,,,,,,,,,,,,,,,,,,,,,,,,,,,,,,,,,,,,,,,,,,,,,,,,,,,,,,,,,,,,,,,,,,,,,,,,,,,,,,,,,,,,,,,,,,,,,,,,,,,,,,,,,,,,,,,36,36,36,36,36,36,36,36,36,36.66667,36.66667,36.66667,36.66667,36.66667,36.66667,36.66667,36.66667,36.66667
grc,Greece,4.26667,,,,,5.06667,,,,,5.8,,,,,6.6,,,,,7.4,,,,,8.26667,,,,,9.73333,,,,,10.86667,,,,,12.13333,,,,,13.8,,,,,15.2,,,,,17.73333,,,,,19.86667,,,,,22.6,,,,,24.73333,,,,,27.4,,,,,25.33333,,,,,33.6,,,,,45.73333,,,,,40.46667,,,,,40.26667,,,,,41.8,,,,,43.66667,,,,,48.46667,,,,,52.6,52.66667,53.33333,54,54,54.66667,55.33333,55.33333,56,56.66667,57.33333,58.66667,60.66667,62,64,65.33333,66,66.66667,67.33333,67.33333,68.66667,68.66667,68.66667,69.33333,70,70.66667,72,72
grd,Grenada,,,,,,,,,,,,,,,,,,,,,,,,,,,,,,,,,,,,,,,,,,,,,,,,,,,,,,,,,,,,,,,,,,,,,,,,,,,,,,,,,,,,,,,,,,,,,,,,,,,,,,,,,,,,,,,,,,,,,,,,,,,,,,,,,,,,,49.33333,50.66667,51.33333,52,52.66667,53.33333,54,54.66667,55.33333,56,56,56.66667,57.33333,58,58,58
gtm,Guatemala,1.13333,,,,,1.33333,,,,,1.66667,,,,,2,,,,,2.4,,,,,2.86667,,,,,4.26667,,,,,5.13333,,,,,6,,,,,7.6,,,,,8.66667,,,,,8.4,,,,,8.46667,,,,,8.73333,,,,,8.8,,,,,9,,,,,8.13333,,,,,8.33333,,,,,8.33333,,,,,8.46667,,,,,9,,,,,10.33333,,,,,15.73333,,,,,18.13333,,,,,20.33333,21.33333,22,22,22.66667,23.33333,23.33333,24,24,24,24.66667,25.33333,25.33333,24.66667,24,23.33333,24.66667,26,28.66667,30.66667,32.66667,35.33333,30.66667,31.33333,42.66667,42,43.33333,43.33333
guy,Guyana,1,,,,,1.4,,,,,2,,,,,3.26667,,,,,5.13333,,,,,7,,,,,8.6,,,,,10.13333,,,,,11.93333,,,,,13.2,,,,,15.33333,,,,,17.2,,,,,18.8,,,,,20.2,,,,,21.46667,,,,,22.73333,,,,,27,,,,,29.46667,,,,,30.53333,,,,,31.93333,,,,,33.06667,,,,,35.8,,,,,38.8,,,,,42.06667,,,,,45.13333,46,46.66667,46.66667,47.33333,48,48.66667,49.33333,50,50.66667,51.33333,52,52,52,52.66667,52.66667,52.66667,53.33333,53.33333,53.33333,54,54.66667,55.33333,55.33333,56,56,56,56
hnd,Honduras,1.2,,,,,1.46667,,,,,1.8,,,,,2.26667,,,,,2.73333,,,,,3.33333,,,,,4,,,,,4.73333,,,,,6.2,,,,,7.4,,,,,8.4,,,,,9.2,,,,,9.8,,,,,10.06667,,,,,10.4,,,,,10.6,,,,,10.73333,,,,,11.13333,,,,,11.33333,,,,,11.53333,,,,,12.73333,,,,,13.86667,,,,,19.2,,,,,24.73333,,,,,28.46667,23.33333,24,24.66667,25.33333,26,26,26.66667,27.33333,28,28.66667,29.33333,30,30.66667,30.66667,31.33333,32,33.33333,34,34.66667,36,37.33333,36.66667,38.66667,41.33333,42,43.33333,43.33333
hrv,Croatia,,,,,,,,,,,,,,,,,,,,,,,,,,,,,,,,,,,,,,,,,,,,,,,,,,,,,,,,,,,,,,,,,,,,,,,,,,,,,,,,,36.33333,,,,,38.93333,,,,,40.8,,,,,43,,,,,44.93333,,,,,49.4,,,,,52.33333,,,,,55.46667,,,,,57.86667,42,43.33333,45.33333,47.33333,48.66667,52,54.66667,57.33333,60,62.66667,65.33333,65.33333,65.33333,64.66667,64.66667,66,67.33333,68.66667,70.66667,72,73.33333,73.33333,73.33333,74,74.66667,75.33333,75.33333
hti,Haiti,0.06667,,,,,0.06667,,,,,0.06667,,,,,0.06667,,,,,0.06667,,,,,0.06667,,,,,0.73333,,,,,1.2,,,,,1.73333,,,,,2.2,,,,,2.6,,,,,2.86667,,,,,3.06667,,,,,3.26667,,,,,3.33333,,,,,3.53333,,,,,3.73333,,,,,3.93333,,,,,4.4,,,,,5.13333,,,,,6,,,,,7.8,,,,,9.6,,,,,14.66667,,,,,17.93333,18.66667,19.33333,20,20.66667,21.33333,22,22.66667,23.33333,24,25.33333,26,26.66667,27.33333,28,28.66667,29.33333,30,30.66667,31.33333,31.33333,32,32.66667,33.33333,34,34.66667,34.66667,35.33333
hun,Hungary,10.26667,,,,,11.6,,,,,12.8,,,,,14.2,,,,,16.13333,,,,,18.13333,,,,,20.2,,,,,22.46667,,,,,24.86667,,,,,27.4,,,,,30,,,,,32.8,,,,,35.26667,,,,,37.86667,,,,,40.6,,,,,43.86667,,,,,46.33333,,,,,47.46667,,,,,48.4,,,,,49.46667,,,,,52.13333,,,,,54.93333,,,,,57.93333,,,,,58.73333,,,,,57.86667,60,62,64.66667,66.66667,68.66667,68.66667,68.66667,68.66667,68,68,68.66667,68.66667,70,70.66667,72.66667,74,75.33333,76.66667,78,79.33333,80,81.33333,80,78.66667,78.66667,79.33333,79.33333
idn,Indonesia,0.06667,,,,,0.06667,,,,,0.06667,,,,,0.06667,,,,,0.06667,,,,,0.13333,,,,,0.13333,,,,,0.2,,,,,0.6,,,,,0.93333,,,,,1.26667,,,,,1.73333,,,,,2.13333,,,,,2.86667,,,,,3.46667,,,,,4.46667,,,,,4.93333,,,,,6.06667,,,,,7.4,,,,,10.8,,,,,15.06667,,,,,17.2,,,,,20.6,,,,,21.53333,,,,,21.86667,23.33333,24.66667,26,26.66667,28,31.33333,34.66667,38,41.33333,44.66667,46,46.66667,48,48.66667,49.33333,52.66667,47.33333,47.33333,49.33333,49.33333,50.66667,50.66667,52,52,52.66667,53.33333,53.33333
ind,India,0.13333,,,,,0.2,,,,,0.2,,,,,0.26667,,,,,0.4,,,,,0.53333,,,,,0.8,,,,,1,,,,,1.66667,,,,,2.33333,,,,,3,,,,,3.66667,,,,,4.46667,,,,,5.06667,,,,,5.53333,,,,,6.06667,,,,,6.13333,,,,,6.6,,,,,6.26667,,,,,7.66667,,,,,8.26667,,,,,10.13333,,,,,12.46667,,,,,15.93333,,,,,19.73333,20.66667,21.33333,22,22.66667,23.33333,24.66667,26,26.66667,28,29.33333,30,30.66667,31.33333,31.33333,32,32.66667,33.33333,34.66667,35.33333,36,36,37.33333,38.66667,40.66667,42,42.66667,42.66667
irl,Ireland,4.13333,,,,,4.66667,,,,,5.26667,,,,,6,,,,,6.8,,,,,7.8,,,,,9.06667,,,,,10.53333,,,,,12.2,,,,,14.4,,,,,16.93333,,,,,19.53333,,,,,23.06667,,,,,27,,,,,31.8,,,,,36.46667,,,,,40.6,,,,,41.93333,,,,,43.6,,,,,45.8,,,,,46.73333,,,,,50.86667,,,,,56,,,,,61.66667,,,,,64.86667,66,66.66667,67.33333,68.66667,69.33333,70,70.66667,71.33333,72,72,73.33333,74.66667,76,77.33333,78,78.66667,79.33333,80,80.66667,81.33333,72.66667,75.33333,78.66667,82,82,83.33333,83.33333
irn,Iran,0.06667,,,,,0.06667,,,,,0.06667,,,,,0.06667,,,,,0.06667,,,,,0.06667,,,,,0.06667,,,,,0.13333,,,,,0.2,,,,,0.26667,,,,,0.4,,,,,0.53333,,,,,0.86667,,,,,1.06667,,,,,1.6,,,,,2,,,,,2.26667,,,,,3.06667,,,,,4,,,,,5.66667,,,,,7.8,,,,,10.86667,,,,,15.33333,,,,,21.4,,,,,28.13333,29.33333,30.66667,32,34,35.33333,36.66667,37.33333,38.66667,40,41.33333,42.66667,43.33333,44.66667,46,46.66667,60.66667,59.33333,57.33333,58.66667,60,61.33333,63.33333,65.33333,65.33333,65.33333,65.33333,65.33333
irq,Iraq,0.06667,,,,,0.06667,,,,,0.06667,,,,,0.06667,,,,,0.06667,,,,,0.06667,,,,,0.06667,,,,,0.06667,,,,,0.13333,,,,,0.13333,,,,,0.2,,,,,0.2,,,,,0.33333,,,,,0.4,,,,,0.6,,,,,0.8,,,,,1.2,,,,,1.4,,,,,2.13333,,,,,2.66667,,,,,4.33333,,,,,6.8,,,,,10.73333,,,,,15.13333,,,,,21.26667,22.66667,24,25.33333,26.66667,28,28.66667,30,31.33333,32.66667,33.33333,34.66667,36,36.66667,38,38.66667,39.33333,40.66667,41.33333,42,42.66667,44,44,44,44,44,44.66667,45.33333
isl,Iceland,4.93333,,,,,5.26667,,,,,5.8,,,,,6.4,,,,,7.06667,,,,,7.8,,,,,8.6,,,,,9.46667,,,,,13.33333,,,,,16.8,,,,,20.06667,,,,,23.4,,,,,26.26667,,,,,29.2,,,,,31.93333,,,,,34.46667,,,,,36,,,,,37.6,,,,,38.8,,,,,40.93333,,,,,43.4,,,,,46.33333,,,,,49.8,,,,,53.06667,,,,,56.4,57.33333,57.33333,58,58.66667,59.33333,60,60.66667,61.33333,62,62.66667,64,64.66667,65.33333,66,66.66667,68,68.66667,69.33333,70,70.66667,73.33333,76.66667,79.33333,81.33333,81.33333,82.66667,82.66667
isr,Israel,,,,,,,,,,,,,,,,,,,,,,,,,,,,,,,,,,,,,,,,,,,,,,,,,,,,,,,,,,,,,,,,,,,,,,,,,,,,,,,,,48.4,,,,,49.2,,,,,49.6,,,,,51.66667,,,,,55.13333,,,,,60.46667,,,,,66.2,,,,,69.4,,,,,73.53333,73.33333,74,75.33333,76,77.33333,78,78.66667,78.66667,79.33333,80,80.66667,80.66667,81.33333,81.33333,82,80.66667,83.33333,84,84,84,84.66667,85.33333,85.33333,86,86.66667,86.66667,86.66667
ita,Italy,5.13333,,,,,5.66667,,,,,6.2,,,,,6.8,,,,,7.66667,,,,,8.6,,,,,9.8,,,,,11.2,,,,,12.6,,,,,14.46667,,,,,16.26667,,,,,18.4,,,,,20.4,,,,,22.53333,,,,,24.06667,,,,,26.26667,,,,,26.93333,,,,,28.86667,,,,,30.73333,,,,,32.53333,,,,,34.46667,,,,,37.86667,,,,,41.26667,,,,,44.6,,,,,48.6,49.33333,50,51.33333,52,52.66667,54,54.66667,55.33333,56,57.33333,58,58.66667,59.33333,60.66667,61.33333,62,62.66667,63.33333,64,64.66667,65.33333,66,68.66667,67.33333,68,68,68
jam,Jamaica,3.53333,,,,,4,,,,,4.66667,,,,,5.46667,,,,,6.53333,,,,,8.13333,,,,,10.13333,,,,,12.33333,,,,,14.4,,,,,16.06667,,,,,17.53333,,,,,18.93333,,,,,20,,,,,20.86667,,,,,21.53333,,,,,22.26667,,,,,22.73333,,,,,23.46667,,,,,24.26667,,,,,26.6,,,,,29.53333,,,,,31.6,,,,,35.06667,,,,,38.86667,,,,,43.13333,39.33333,40.66667,41.33333,42.66667,44,44.66667,46,46.66667,48,48.66667,50,51.33333,52,53.33333,54,55.33333,56,57.33333,58.66667,59.33333,60,61.33333,62.66667,64,64,65.33333,65.33333
jor,Jordan,0.06667,,,,,0.06667,,,,,0.06667,,,,,0.06667,,,,,0.13333,,,,,0.13333,,,,,0.2,,,,,0.2,,,,,0.86667,,,,,1.33333,,,,,1.8,,,,,2.13333,,,,,2.46667,,,,,2.73333,,,,,4.06667,,,,,5.13333,,,,,6.2,,,,,8.06667,,,,,9.46667,,,,,11.86667,,,,,15,,,,,18.46667,,,,,20.4,,,,,27.13333,,,,,35,39.33333,45.33333,50.66667,56.66667,62,62,62.66667,62.66667,63.33333,63.33333,64,64,64.66667,64.66667,64.66667,65.33333,65.33333,65.33333,66,65.33333,66,66,66,67.33333,68.66667,69.33333,69.33333
jpn,Japan,2.8,,,,,3.33333,,,,,3.93333,,,,,4.66667,,,,,6.93333,,,,,6.93333,,,,,8.6,,,,,10.73333,,,,,12.93333,,,,,15.2,,,,,18.4,,,,,22.06667,,,,,25.93333,,,,,30.4,,,,,34.06667,,,,,37.86667,,,,,39.4,,,,,43.4,,,,,46.46667,,,,,46.26667,,,,,47.2,,,,,52.66667,,,,,58.06667,,,,,61.66667,,,,,64.06667,64.66667,65.33333,66.66667,67.33333,68,68.66667,69.33333,70,70.66667,71.33333,72,72.66667,73.33333,74,74.66667,74.66667,75.33333,76,76,76.66667,78.66667,80,81.33333,83.33333,83.33333,84.66667,85.33333
kaz,Kazakhstan,,,,,,,,,,,,,,,,,,,,,,,,,,,,,,,,,,,,,,,,,,,,,,,,,,,,,,,,,,,,,,,,,,,,,,,,,,,,,,,,,14.86667,,,,,18,,,,,20.46667,,,,,26.2,,,,,29.73333,,,,,35.66667,,,,,42,,,,,48.53333,,,,,53.66667,55.33333,56.66667,58.66667,60,62,63.33333,65.33333,66.66667,68,70,71.33333,73.33333,74.66667,76.66667,78,78,77.33333,76.66667,76.66667,76,76.66667,76.66667,77.33333,78,78,78,78.66667
ken,Kenya,0.06667,,,,,0.06667,,,,,0.06667,,,,,0.06667,,,,,0.06667,,,,,0.13333,,,,,0.13333,,,,,0.2,,,,,1.2,,,,,2,,,,,2.66667,,,,,3.26667,,,,,3.8,,,,,4.2,,,,,4.6,,,,,5.6,,,,,6.06667,,,,,7.13333,,,,,8.06667,,,,,8.53333,,,,,9.66667,,,,,12.4,,,,,16.6,,,,,20.6,,,,,24.8,26,26.66667,28,29.33333,30,31.33333,32,33.33333,34,35.33333,36,36.66667,37.33333,38,38.66667,39.33333,40,40,40.66667,40.66667,41.33333,41.33333,42,42,42,42.66667,43.33333
kgz,Kyrgyz Republic,,,,,,,,,,,,,,,,,,,,,,,,,,,,,,,,,,,,,,,,,,,,,,,,,,,,,,,,,,,,,,,,,,,,,,,,,,,,,,,,,23.8,,,,,26.2,,,,,28.26667,,,,,32.33333,,,,,35.46667,,,,,40.2,,,,,46,,,,,52.26667,,,,,57.06667,58,58.66667,59.33333,60,60.66667,61.33333,62.66667,63.33333,65.33333,65.33333,66,66.66667,66.66667,67.33333,68,68,68.66667,68.66667,69.33333,70.66667,70.66667,71.33333,71.33333,72,72,72.66667,72.66667
khm,Cambodia,0.06667,,,,,0.06667,,,,,0.06667,,,,,0.06667,,,,,0.06667,,,,,0.06667,,,,,0.06667,,,,,0.06667,,,,,0.06667,,,,,0.06667,,,,,0.06667,,,,,0.06667,,,,,0.13333,,,,,0.2,,,,,0.2,,,,,0.33333,,,,,1.6,,,,,3,,,,,4.46667,,,,,6.13333,,,,,8.26667,,,,,10.93333,,,,,14.06667,,,,,16.8,,,,,17.93333,18,18.66667,18.66667,19.33333,20,20,20.66667,20.66667,21.33333,21.33333,22,22,22.66667,23.33333,23.33333,24,24.66667,26,24.66667,29.33333,29.33333,30,30.66667,31.33333,31.33333,31.33333,32
kir,Kiribati,,,,,,,,,,,,,,,,,,,,,,,,,,,,,,,,,,,,,,,,,,,,,,,,,,,,,,,,,,,,,,,,,,,,,,,,,,,,,,,,,,,,,,,,,,,,,,,,,,,,,,,,,,,,,,,,,,,,,,,,,,,,,,,,,,,45.33333,46,46.66667,47.33333,48,48.66667,49.33333,50,50.66667,52,52.66667,52.66667,52.66667,52.66667,52.66667,52.66667,52.66667,52.66667
kna,St. Kitts and Nevis,,,,,,,,,,,,,,,,,,,,,,,,,,,,,,,,,,,,,,,,,,,,,,,,,,,,,,,,,,,,,,,,,,,,,,,,,,,,,,,,,,,,,,,,,,,,,,,,,,,,,,,,,,,,,,,,,,,,,,,,,,,,,,,,,,,,,,,,48,48.66667,49.33333,50.66667,51.33333,52,53.33333,54,55.33333,56,56,56,56
kor,South Korea,0.06667,,,,,0.06667,,,,,0.06667,,,,,0.06667,,,,,0.06667,,,,,0.06667,,,,,0.06667,,,,,3,,,,,5.13333,,,,,7.2,,,,,11.26667,,,,,14.66667,,,,,17.73333,,,,,20.46667,,,,,22.8,,,,,24.2,,,,,26.53333,,,,,29.06667,,,,,20.8,,,,,28.4,,,,,34.66667,,,,,41.06667,,,,,47.26667,,,,,53.73333,,,,,60.73333,,,,,,,,,,,,,,,,,,,,,,,,,,,
kwt,Kuwait,0.06667,,,,,0.06667,,,,,0.06667,,,,,0.06667,,,,,0.06667,,,,,0.06667,,,,,0.06667,,,,,0.06667,,,,,0.06667,,,,,0.6,,,,,1,,,,,1.33333,,,,,1.53333,,,,,3.06667,,,,,4.2,,,,,6.6,,,,,7.86667,,,,,11.06667,,,,,14,,,,,17.53333,,,,,19.33333,,,,,20.13333,,,,,28.53333,,,,,35.13333,,,,,36.73333,36.66667,37.33333,38,38,38.66667,39.33333,40,40,40.66667,41.33333,41.33333,40.66667,40.66667,40.66667,38.66667,41.33333,42,43.33333,44,45.33333,46.66667,48,44.66667,46,47.33333,48,48.66667
lao,Lao,,,,,,,,,,,,,,,,,,,,,,,,,,,,,,,,,,,,,,,,,,,,,,,,,,,,,,,,,,,,,,,,,,,,,,,,,,,,,,,,,4.73333,,,,,5.53333,,,,,6.46667,,,,,7.8,,,,,9.33333,,,,,11.46667,,,,,14.26667,,,,,16.8,,,,,20.6,21.33333,22,22.66667,23.33333,24,24,24.66667,25.33333,25.33333,26,26.66667,26.66667,27.33333,28,28,28.66667,29.33333,29.33333,30,30.66667,32,33.33333,34,33.33333,34,34.66667,34.66667
lbn,Lebanon,,,,,,,,,,,,,,,,,,,,,,,,,,,,,,,,,,,,,,,,,,,,,,,,,,,,,,,,,,,,,,,,,,,,,,,,,,,,,,,,,,,,,,,,,,,,,,,,,,,,,,,,,,,,,,,,,,,,,,,,,,,,,,,,,,,,,,,,50,50.66667,52,52,52.66667,52.66667,53.33333,54,55.33333,56,56.66667,57.33333,58
lbr,Liberia,0.2,,,,,0.26667,,,,,0.33333,,,,,0.4,,,,,0.53333,,,,,0.66667,,,,,0.8,,,,,1,,,,,1.66667,,,,,2.13333,,,,,2.6,,,,,2.93333,,,,,3.26667,,,,,3.46667,,,,,3.66667,,,,,3.8,,,,,3.8,,,,,3.8,,,,,3.8,,,,,5.13333,,,,,6.6,,,,,7.8,,,,,10.26667,,,,,13.53333,,,,,17.33333,18,18.66667,19.33333,20,20.66667,21.33333,21.33333,22,22.66667,23.33333,23.33333,24,24.66667,24.66667,25.33333,25.33333,26,26.66667,26.66667,27.33333,28,28.66667,29.33333,29.33333,29.33333,30,31.33333
lby,Libya,0.06667,,,,,0.06667,,,,,0.06667,,,,,0.06667,,,,,0.06667,,,,,0.06667,,,,,0.06667,,,,,0.06667,,,,,0.06667,,,,,0.4,,,,,0.6,,,,,0.8,,,,,1.33333,,,,,1.8,,,,,2.2,,,,,2.53333,,,,,2.6,,,,,2.8,,,,,3.6,,,,,4.2,,,,,6.66667,,,,,8.86667,,,,,14.86667,,,,,21.26667,,,,,25.4,26.66667,28,28.66667,30,31.33333,32.66667,33.33333,34.66667,36,37.33333,38.66667,39.33333,40.66667,42,42.66667,44,45.33333,46.66667,47.33333,48.66667,48.66667,48.66667,48.66667,48.66667,48.66667,48.66667,48.66667
lca,St. Lucia,,,,,,,,,,,,,,,,,,,,,,,,,,,,,,,,,,,,,,,,,,,,,,,,,,,,,,,,,,,,,,,,,,,,,,,,,,,,,,,,,,,,,,,,,,,,,,,,,,,,,,,,,,,,,,,,,,,,,,,,,,,,,,,,,,,46.66667,47.33333,48,48.66667,49.33333,50,50.66667,51.33333,52,52.66667,56,56,56,56,58,59.33333,59.33333,59.33333
lie,Liechtenstein,,,,,,,,,,,,,,,,,,,,,,,,,,,,,,,,,,,,,,,,,,,,,,,,,,,,,,,,,,,,,,,,,,,,,,,,,,,,,,,,,,,,,,,,,,,,,,,,,,,,,,,,,,,,,,,,,,,,,,,,,,61.33333,61.33333,62,62,62,63.33333,64.66667,66,67.33333,68,69.33333,70,71.33333,72,73.33333,74.66667,76,78,78.66667,80.66667,81.33333,82,82.66667,82.66667,82.66667,83.33333,83.33333
lka,Sri Lanka,1.06667,,,,,1.06667,,,,,1.13333,,,,,1.2,,,,,1.4,,,,,1.73333,,,,,2.26667,,,,,2.86667,,,,,3.6,,,,,6.06667,,,,,8.06667,,,,,9.93333,,,,,12.46667,,,,,14.46667,,,,,16.86667,,,,,18.66667,,,,,19.6,,,,,21.2,,,,,23.13333,,,,,24.66667,,,,,35.53333,,,,,38.46667,,,,,40.86667,,,,,46.2,,,,,51.93333,56.66667,57.33333,58.66667,59.33333,60.66667,62,62.66667,64,65.33333,66.66667,68,68,68,68.66667,69.33333,70,70.66667,73.33333,72.66667,72,72,72.66667,72.66667,72.66667,72.66667,72.66667,72.66667
lso,Lesotho,0.13333,,,,,0.2,,,,,0.26667,,,,,0.4,,,,,0.53333,,,,,0.8,,,,,1.13333,,,,,1.6,,,,,2.2,,,,,3.53333,,,,,4.53333,,,,,5.4,,,,,7.4,,,,,8.93333,,,,,11.06667,,,,,12.8,,,,,14.26667,,,,,16,,,,,17.73333,,,,,18.53333,,,,,21.2,,,,,22.73333,,,,,24.6,,,,,27.46667,,,,,31.06667,30,30,30,30.66667,30.66667,31.33333,31.33333,32,32,32.66667,33.33333,34,34,34.66667,35.33333,36,36.66667,36,39.33333,37.33333,38.66667,39.33333,40,40.66667,40.66667,42,42
ltu,Lithuania,,,,,,,,,,,,,,,,,,,,,,,,,,,,,,,,,,,,,,,,,,,,,,,,,,,,,,,,,,,,,,,,,,,,,,,,,,,,,,,,,18.86667,,,,,23.13333,,,,,26.26667,,,,,30.73333,,,,,34.6,,,,,39.86667,,,,,44.4,,,,,49.33333,,,,,55,61.33333,62.66667,63.33333,64.66667,66,66.66667,68,69.33333,70.66667,71.33333,72.66667,74,75.33333,76.66667,78.66667,80,80.66667,81.33333,76.66667,77.33333,78.66667,78,79.33333,86.66667,86.66667,86.66667,86.66667
lux,Luxembourg,0.2,,,,,0.2,,,,,0.26667,,,,,0.33333,,,,,0.46667,,,,,0.6,,,,,0.73333,,,,,0.93333,,,,,1.13333,,,,,1.33333,,,,,1.6,,,,,2.13333,,,,,2.8,,,,,3.33333,,,,,9.33333,,,,,14,,,,,17.86667,,,,,23,,,,,27.66667,,,,,33.4,,,,,39,,,,,52.53333,,,,,54.8,,,,,57.2,,,,,59.46667,59.33333,60,60.66667,61.33333,62,63.33333,64.66667,66,67.33333,68.66667,70,71.33333,72.66667,74,75.33333,76.66667,78,78,78.66667,78.66667,78.66667,78.66667,78.66667,80,80,80.66667,80.66667
lva,Latvia,,,,,,,,,,,,,,,,,,,,,,,,,,,,,,,,,,,,,,,,,,,,,,,,,,,,,,,,,,,,,,,,,,,,,,,,,,,,,,,,,24.6,,,,,26.46667,,,,,28.6,,,,,31.6,,,,,34.33333,,,,,38.8,,,,,42.2,,,,,46.13333,,,,,50.4,52,54,56,57.33333,59.33333,60,60.66667,61.33333,62.66667,63.33333,66.66667,70.66667,74.66667,78,80.66667,81.33333,82,81.33333,82,83.33333,84,84,84.66667,86,85.33333,85.33333,85.33333
mar,Morocco,0.06667,,,,,0.06667,,,,,0.06667,,,,,0.06667,,,,,0.06667,,,,,0.06667,,,,,0.06667,,,,,0.06667,,,,,0.06667,,,,,0.06667,,,,,0.33333,,,,,0.53333,,,,,0.73333,,,,,1,,,,,1.2,,,,,1.46667,,,,,1.6,,,,,2,,,,,2.26667,,,,,3.13333,,,,,3.8,,,,,5.73333,,,,,7.8,,,,,10.8,,,,,14.06667,15.33333,16,16.66667,18,18.66667,19.33333,20,20.66667,21.33333,22.66667,23.33333,24,24.66667,25.33333,26,26.66667,26.66667,27.33333,28,28,29.33333,30.66667,32,33.33333,33.33333,36,36.66667
mda,Moldova,,,,,,,,,,,,,,,,,,,,,,,,,,,,,,,,,,,,,,,,,,,,,,,,,,,,,,,,,,,,,,,,,,,,,,,,,,,,,,,,,15.66667,,,,,18.26667,,,,,21.13333,,,,,26.53333,,,,,30.6,,,,,36.4,,,,,42.93333,,,,,48.93333,,,,,53.93333,54,54.66667,55.33333,56.66667,57.33333,58,58.66667,58.66667,59.33333,60,62,64,65.33333,67.33333,69.33333,70.66667,72.66667,72.66667,73.33333,74,74,76,77.33333,77.33333,77.33333,77.33333,77.33333
mdg,Madagascar,,,,,,,,,,,,,,,,,,,,,,,,,,,,,,,,,,,,,,,,,,,,,,,,,,,,,,,,,,,,,,,,,,,,,,,,,,,,,,,,,,,,,,,,,,,,,,,,,,,,,,,,,,,,,,,,,,,,,,,,,,,,,,,,,,,34.66667,34.66667,35.33333,36,36.66667,37.33333,38,38.66667,39.33333,39.33333,40,40.66667,40.66667,40.66667,40.66667,40.66667,40.66667,40.66667
mdv,Maldives,,,,,,,,,,,,,,,,,,,,,,,,,,,,,,,,,,,,,,,,,,,,,,,,,,,,,,,,,,,,,,,,,,,,,,,,,,,,,,,,,19.46667,,,,,20.86667,,,,,22.8,,,,,23.73333,,,,,26.93333,,,,,28.13333,,,,,29.8,,,,,31,,,,,26.93333,26,25.33333,24.66667,24,23.33333,22.66667,22,21.33333,20.66667,20,20.66667,21.33333,22,22.66667,23.33333,24,26,28.66667,31.33333,32.66667,34.66667,36.66667,38,41.33333,42,42,42
mex,Mexico,1.86667,,,,,2.26667,,,,,2.73333,,,,,3.33333,,,,,3.93333,,,,,4.53333,,,,,5.06667,,,,,5.6,,,,,8,,,,,9.4,,,,,10.93333,,,,,12.13333,,,,,13.06667,,,,,13.73333,,,,,14.06667,,,,,14.53333,,,,,14.46667,,,,,14.53333,,,,,15.53333,,,,,16.93333,,,,,19.26667,,,,,22.2,,,,,26.13333,,,,,32,,,,,37.06667,38,39.33333,40.66667,41.33333,42.66667,43.33333,43.33333,44,44,44.66667,45.33333,46.66667,47.33333,49.33333,50.66667,53.33333,53.33333,53.33333,54.66667,53.33333,56,57.33333,56,56,57.33333,57.33333,57.33333
mhl,Marshall Islands,,,,,,,,,,,,,,,,,,,,,,,,,,,,,,,,,,,,,,,,,,,,,,,,,,,,,,,,,,,,,,,,,,,,,,,,,,,,,,,,,,,,,,,,,,,,,,,,,,,,,,,,,,,,,,,,,,,,,,,,,,,,,,,,,,,,,,,,,,,,,,72,72,72,72,72,72,72.66667
mkd,North Macedonia,,,,,,,,,,,,,,,,,,,,,,,,,,,,,,,,,,,,,,,,,,,,,,,,,,,,,,,,,,,,,,,,,,,,,,,,,,,,,,,,,,,,,,,,,,,,,,,,,,,,,,,,,,,,,,,,,,,,,,,,,,,,,,,,,,,43.33333,45.33333,47.33333,50,52,54.66667,56,56.66667,58,59.33333,60.66667,62,62,62.66667,63.33333,64,64,64
mli,Mali,0.06667,,,,,0.06667,,,,,0.06667,,,,,0.06667,,,,,0.06667,,,,,0.06667,,,,,0.06667,,,,,0.06667,,,,,0.06667,,,,,0.06667,,,,,0.06667,,,,,0.13333,,,,,0.2,,,,,0.26667,,,,,0.33333,,,,,0.46667,,,,,0.6,,,,,0.66667,,,,,0.86667,,,,,1,,,,,1.33333,,,,,1.53333,,,,,2.53333,,,,,3.6,,,,,4.8,4.66667,5.33333,5.33333,6,6,6.66667,6.66667,7.33333,7.33333,8,8.66667,9.33333,10,10.66667,11.33333,11.33333,12,12.66667,12.66667,13.33333,13.33333,14,14.66667,15.33333,15.33333,15.33333,15.33333
mlt,Malta,1.53333,,,,,1.86667,,,,,2.26667,,,,,2.66667,,,,,3.2,,,,,3.8,,,,,6,,,,,7.6,,,,,9.26667,,,,,10.6,,,,,11.86667,,,,,13.73333,,,,,15.2,,,,,17.06667,,,,,18.13333,,,,,19.93333,,,,,20.6,,,,,22.6,,,,,26,,,,,30.13333,,,,,35.06667,,,,,39,,,,,42.53333,,,,,48.46667,,,,,53.53333,49.33333,49.33333,49.33333,49.33333,49.33333,50.66667,51.33333,52,52.66667,54,54.66667,55.33333,56.66667,57.33333,65.33333,65.33333,66,66.66667,68,68.66667,70,72,73.33333,74,74.66667,75.33333,75.33333
mmr,Myanmar,0.2,,,,,0.26667,,,,,0.4,,,,,0.53333,,,,,0.8,,,,,1.26667,,,,,1.73333,,,,,2.4,,,,,2.93333,,,,,3.46667,,,,,3.86667,,,,,4.2,,,,,5.13333,,,,,5.93333,,,,,6.53333,,,,,6.93333,,,,,7.33333,,,,,8.2,,,,,7.46667,,,,,7.2,,,,,7.46667,,,,,7.46667,,,,,11.2,,,,,15.06667,,,,,16.2,16.66667,16.66667,17.33333,18,18,18.66667,19.33333,19.33333,20,20.66667,21.33333,22,22.66667,23.33333,23.33333,24.66667,25.33333,26,26.66667,27.33333,28.66667,30,31.33333,32,32.66667,32.66667,32.66667
mne,Montenegro,,,,,,,,,,,,,,,,,,,,,,,,,,,,,,,,,,,,,,,,,,,,,,,,,,,,,,,,,,,,,,,,,,,,,,,,,,,,,,,,,,,,,,,,,,,,,,,,,,,,,,,,,,,,,,,,,,,,,,,,,,,,,,,,,,,,,,68.66667,69.33333,70,71.33333,72,72.66667,73.33333,74,74,74.66667,74.66667,75.33333,75.33333,75.33333,75.33333
mng,Mongolia,,,,,,,,,,,,,,,,,,,,,,,,,,,,,,,,,,,,,,,,,,,,,,,,,,,,,,,,,,,,,,,,,,,,,,,,,,,,,,,,,4.46667,,,,,7.06667,,,,,9.33333,,,,,13.53333,,,,,18.53333,,,,,32.53333,,,,,38.93333,,,,,44.93333,,,,,51.26667,51.33333,51.33333,52,52,52,52.66667,53.33333,53.33333,54,54.66667,55.33333,56,56,56.66667,57.33333,58.66667,59.33333,60,60.66667,63.33333,65.33333,66,66.66667,67.33333,67.33333,67.33333,67.33333
moz,Mozambique,0.06667,,,,,0.06667,,,,,0.06667,,,,,0.06667,,,,,0.06667,,,,,0.06667,,,,,0.06667,,,,,0.06667,,,,,0.13333,,,,,0.13333,,,,,0.13333,,,,,0.2,,,,,0.6,,,,,0.86667,,,,,1.2,,,,,1.33333,,,,,1.33333,,,,,2.66667,,,,,3.86667,,,,,5,,,,,5.86667,,,,,5.53333,,,,,4.86667,,,,,5.53333,,,,,5.53333,6.66667,7.33333,8,8.66667,10,11.33333,12.66667,13.33333,14,14.66667,16,16.66667,17.33333,18.66667,19.33333,19.33333,20,20.66667,20.66667,21.33333,21.33333,22,22.66667,22.66667,23.33333,23.33333,23.33333
mrt,Mauritania,,,,,,,,,,,,,,,,,,,,,,,,,,,,,,,,,,,,,,,,,,,,,,,,,,,,,,,,,,,,,,,,,,,,,,,,,,,,,,,,,7.8,,,,,8.46667,,,,,9.06667,,,,,9.66667,,,,,10.13333,,,,,11.33333,,,,,11.93333,,,,,13.26667,,,,,14.86667,15.33333,16,16.66667,16.66667,17.33333,18,18.66667,18.66667,19.33333,20,20,20.66667,21.33333,22,22.66667,22.66667,23.33333,24,24.66667,25.33333,26,26.66667,27.33333,28.66667,28.66667,29.33333,30
mus,Mauritius,0.86667,,,,,1.13333,,,,,1.4,,,,,1.8,,,,,2.26667,,,,,2.93333,,,,,5.46667,,,,,7.46667,,,,,9.4,,,,,10.66667,,,,,11.8,,,,,12.73333,,,,,13.4,,,,,14.2,,,,,14.66667,,,,,15,,,,,15.73333,,,,,16.6,,,,,17.73333,,,,,22,,,,,24.73333,,,,,27.4,,,,,29.6,,,,,32.2,,,,,38,38.66667,39.33333,40,40.66667,42,41.33333,41.33333,41.33333,41.33333,41.33333,42.66667,44,45.33333,46.66667,48,49.33333,50.66667,52,53.33333,54.66667,56.66667,57.33333,59.33333,60.66667,60.66667,62,62
mwi,Malawi,0.06667,,,,,0.06667,,,,,0.06667,,,,,0.06667,,,,,0.06667,,,,,0.06667,,,,,0.06667,,,,,0.06667,,,,,0.06667,,,,,1.13333,,,,,1.86667,,,,,2.53333,,,,,3.2,,,,,3.8,,,,,4.33333,,,,,4.73333,,,,,5.2,,,,,5.46667,,,,,6,,,,,6.26667,,,,,8,,,,,9.6,,,,,11.66667,,,,,13.86667,,,,,16.33333,16.66667,17.33333,17.33333,18,18,18.66667,18.66667,19.33333,20,20,20.66667,21.33333,22,22,22.66667,24,25.33333,26,27.33333,28.66667,28.66667,28.66667,29.33333,29.33333,29.33333,30,30
mys,Malaysia,0.06667,,,,,0.06667,,,,,0.13333,,,,,0.13333,,,,,0.2,,,,,0.26667,,,,,0.4,,,,,0.53333,,,,,1.73333,,,,,2.86667,,,,,3.8,,,,,6.26667,,,,,8.4,,,,,9.86667,,,,,11,,,,,11.93333,,,,,11.93333,,,,,13.53333,,,,,15.06667,,,,,17.53333,,,,,20.13333,,,,,24.8,,,,,29.4,,,,,36.53333,,,,,43.53333,44.66667,46,47.33333,49.33333,50.66667,52,53.33333,54.66667,56,57.33333,56,54.66667,53.33333,52,50.66667,54.66667,58.66667,62.66667,64,65.33333,67.33333,67.33333,67.33333,67.33333,68,68,68
nam,Namibia,,,,,,,,,,,,,,,,,,,,,,,,,,,,,,,,,,,,,,,,,,,,,,,,,,,,,,,,,,,,,,,,,,,,,,,,,,,,,,,,,16.73333,,,,,18.73333,,,,,20.26667,,,,,21.06667,,,,,22.73333,,,,,25.33333,,,,,28.4,,,,,32.4,,,,,37.26667,37.33333,37.33333,37.33333,38,38,37.33333,37.33333,37.33333,37.33333,37.33333,38.66667,38.66667,38.66667,39.33333,40,40,40.66667,40.66667,41.33333,41.33333,42,42.66667,44,44.66667,44.66667,45.33333,45.33333
ner,Niger,0.06667,,,,,0.06667,,,,,0.06667,,,,,0.06667,,,,,0.06667,,,,,0.06667,,,,,0.06667,,,,,0.06667,,,,,0.06667,,,,,0.06667,,,,,0.06667,,,,,0.6,,,,,1,,,,,1.4,,,,,1.73333,,,,,2,,,,,2.06667,,,,,2.26667,,,,,2.6,,,,,2.66667,,,,,2.73333,,,,,2.86667,,,,,3.06667,,,,,3.66667,,,,,4.6,4.66667,5.33333,5.33333,5.33333,6,6,6.66667,6.66667,7.33333,7.33333,7.33333,8,8,8.66667,8.66667,8.66667,9.33333,9.33333,9.33333,9.33333,10,10.66667,11.33333,11.33333,12,12.66667,13.33333
nga,Nigeria,,,,,,,,,,,,,,,,,,,,,,,,,,,,,,,,,,,,,,,,,,,,,,,,,,,,,,,,,,,,,,,,,,,,,,,,,,,,,,,,,,,,,,,,,,,,,,,,,,,,,,,,,,,,,,,,,,,,,,,,,,,,,,,,,,,,,,34.66667,34.66667,34.66667,34.66667,34.66667,34.66667,34.66667,34.66667,36.66667,38,39.33333,39.33333,40,41.33333,41.33333
nic,Nicaragua,0.8,,,,,1,,,,,1.2,,,,,1.46667,,,,,1.8,,,,,2.26667,,,,,4.66667,,,,,6.2,,,,,7.66667,,,,,8.73333,,,,,9.66667,,,,,10.2,,,,,10.66667,,,,,10.86667,,,,,10.8,,,,,10.66667,,,,,10.2,,,,,11.2,,,,,12.86667,,,,,15,,,,,17.66667,,,,,19.2,,,,,21.4,,,,,24.2,,,,,27.26667,28,28.66667,29.33333,30,30.66667,31.33333,32,32.66667,33.33333,34,34.66667,34.66667,35.33333,36,36.66667,37.33333,38,38.66667,39.33333,40,40.66667,42,42.66667,43.33333,43.33333,44.66667,44.66667
nld,Netherlands,19.26667,,,,,19.6,,,,,19.93333,,,,,20.46667,,,,,21.13333,,,,,21.73333,,,,,22.33333,,,,,22.86667,,,,,24.26667,,,,,25.53333,,,,,26.73333,,,,,28.2,,,,,29.46667,,,,,30.93333,,,,,32.33333,,,,,33.73333,,,,,40.2,,,,,41.13333,,,,,41.46667,,,,,46.93333,,,,,53.53333,,,,,57.6,,,,,61.66667,,,,,66.06667,,,,,68.93333,68,68.66667,69.33333,69.33333,70,70.66667,70.66667,71.33333,72,72,73.33333,74,75.33333,76.66667,77.33333,78.66667,80,80,79.33333,80,80,80,80.66667,80.66667,80.66667,80.66667,81.33333
nor,Norway,25.46667,,,,,27.06667,,,,,28.8,,,,,30.46667,,,,,32.13333,,,,,33.8,,,,,35.4,,,,,37.26667,,,,,40.13333,,,,,42.46667,,,,,44.46667,,,,,46.13333,,,,,47.53333,,,,,48.6,,,,,49.66667,,,,,50.4,,,,,50.26667,,,,,49.86667,,,,,49.8,,,,,52.26667,,,,,55.13333,,,,,56.26667,,,,,58.86667,,,,,64.46667,,,,,69.8,77.33333,77.33333,78,78,78.66667,78.66667,79.33333,79.33333,80,80,80.66667,80.66667,81.33333,84.66667,82.66667,83.33333,84,84.66667,84.66667,84.66667,85.33333,84,84.66667,83.33333,83.33333,84,84
npl,Nepal,0.06667,,,,,0.06667,,,,,0.06667,,,,,0.06667,,,,,0.06667,,,,,0.06667,,,,,0.06667,,,,,0.06667,,,,,0.06667,,,,,0.06667,,,,,0.13333,,,,,0.13333,,,,,0.13333,,,,,0.2,,,,,0.26667,,,,,0.33333,,,,,0.33333,,,,,0.46667,,,,,0.53333,,,,,1.06667,,,,,1.66667,,,,,2.93333,,,,,4.2,,,,,8.26667,,,,,13.46667,14,14,14.66667,14.66667,14.66667,15.33333,15.33333,15.33333,15.33333,16,16.66667,16.66667,17.33333,18,18.66667,19.33333,20,20.66667,21.33333,22,22,26.66667,28,30,31.33333,32.66667,32.66667
nzl,New Zealand,23.53333,,,,,22.2,,,,,23.06667,,,,,23.93333,,,,,24.86667,,,,,26.53333,,,,,28.13333,,,,,30.33333,,,,,30.46667,,,,,34.2,,,,,37.4,,,,,39.93333,,,,,44.26667,,,,,47.93333,,,,,51.13333,,,,,54.06667,,,,,59.66667,,,,,62,,,,,63.8,,,,,65.86667,,,,,71.26667,,,,,75.53333,,,,,75.4,,,,,76.8,,,,,76.93333,77.33333,77.33333,77.33333,77.33333,77.33333,77.33333,77.33333,77.33333,77.33333,77.33333,77.33333,77.33333,77.33333,77.33333,78,78,78.66667,78.66667,79.33333,80,80,80.66667,80.66667,81.33333,82.66667,83.33333,83.33333
omn,Oman,,,,,,,,,,,,,,,,,,,,,,,,,,,,,,,,,,,,,,,,,,,,,,,,,,,,,,,,,,,,,,,,,,,,,,,,,,,,,,,,,,,,,,,,,,,,,,,,,,,,,,,,,,,,,,,,,,,,,,,,,,,,,,,,,,,35.33333,37.33333,39.33333,42.66667,44,45.33333,46.66667,48.66667,54,51.33333,52.66667,55.33333,57.33333,59.33333,62,63.33333,63.33333,63.33333
pak,Pakistan,0.06667,,,,,0.06667,,,,,0.06667,,,,,0.06667,,,,,0.06667,,,,,0.06667,,,,,0.06667,,,,,0.06667,,,,,1.2,,,,,2.06667,,,,,2.86667,,,,,3.46667,,,,,4,,,,,4.4,,,,,4.73333,,,,,5.06667,,,,,5.66667,,,,,5.73333,,,,,5.73333,,,,,7.4,,,,,8.73333,,,,,10.33333,,,,,11.66667,,,,,13.93333,,,,,15.2,16,16.66667,17.33333,18,18.66667,19.33333,20,20.66667,21.33333,22,23.33333,25.33333,26.66667,28.66667,30,29.33333,29.33333,29.33333,30,31.33333,32,32,32.66667,34,34,34.66667,34.66667
pan,Panama,0.4,,,,,0.53333,,,,,0.6,,,,,0.8,,,,,1,,,,,1.2,,,,,4.2,,,,,6.13333,,,,,8.06667,,,,,10.2,,,,,12.06667,,,,,14.06667,,,,,15.73333,,,,,18.26667,,,,,19.8,,,,,21.73333,,,,,23.93333,,,,,25.53333,,,,,28.4,,,,,29.2,,,,,31.26667,,,,,34.8,,,,,39.33333,,,,,44.2,,,,,48.4,49.33333,50.66667,51.33333,52.66667,53.33333,54,54.66667,55.33333,56,56.66667,57.33333,58,58.66667,59.33333,60,60.66667,61.33333,61.33333,62,62,62,63.33333,64.66667,66,66,66.66667,68
per,Peru,0.06667,,,,,0.13333,,,,,0.2,,,,,0.26667,,,,,0.4,,,,,0.53333,,,,,0.8,,,,,1.13333,,,,,3.33333,,,,,4.93333,,,,,6.53333,,,,,8.8,,,,,10.66667,,,,,12.66667,,,,,14.2,,,,,16.13333,,,,,16.4,,,,,18,,,,,19.4,,,,,21.66667,,,,,24.46667,,,,,29.66667,,,,,35.13333,,,,,38.86667,,,,,43.46667,44.66667,46,46.66667,47.33333,48.66667,49.33333,50,51.33333,52,53.33333,54,55.33333,56,57.33333,58,54,54,56,56,56,60.66667,57.33333,58.66667,62.66667,60.66667,61.33333,61.33333
phl,Philippines,0.13333,,,,,0.2,,,,,0.26667,,,,,0.33333,,,,,0.4,,,,,0.53333,,,,,0.86667,,,,,1.13333,,,,,1.4,,,,,2.46667,,,,,3.13333,,,,,4.86667,,,,,6,,,,,8.33333,,,,,9.86667,,,,,11.73333,,,,,12.53333,,,,,18.2,,,,,20.06667,,,,,23.26667,,,,,26.86667,,,,,30.66667,,,,,35.93333,,,,,41.4,,,,,43.93333,44.66667,45.33333,46,46.66667,47.33333,48,48.66667,49.33333,50,50.66667,51.33333,52.66667,53.33333,57.33333,58,58.66667,59.33333,60,60,59.33333,60,60.66667,60.66667,61.33333,62,62,62
plw,Palau,,,,,,,,,,,,,,,,,,,,,,,,,,,,,,,,,,,,,,,,,,,,,,,,,,,,,,,,,,,,,,,,,,,,,,,,,,,,,,,,,,,,,,,,,,,,,,,,,,,,,,,,,,,,,,,,,,,,,,,,,,69.33333,70,71.33333,72,72.66667,73.33333,74,74.66667,75.33333,76,76,76,76,76,76,76.66667,78,78.66667,79.33333,80.66667,81.33333,81.33333,81.33333,81.33333,81.33333,82,82
png,Papua New Guinea,,,,,,,,,,,,,,,,,,,,,,,,,,,,,,,,,,,,,,,,,,,,,,,,,,,,,,,,,,,,,,,,,,,,,,,,,,,,,,,,,1.4,,,,,1.86667,,,,,2.26667,,,,,3.26667,,,,,6.26667,,,,,6.4,,,,,8.33333,,,,,11.86667,,,,,15.46667,16,17.33333,18,18.66667,19.33333,20,20.66667,20.66667,21.33333,22,22,22.66667,22.66667,23.33333,23.33333,24,24.66667,25.33333,26,26.66667,27.33333,28,28.66667,28.66667,28.66667,30.66667,30.66667
pol,Poland,8.13333,,,,,8.8,,,,,9.46667,,,,,10.2,,,,,11,,,,,11.8,,,,,12.6,,,,,13.46667,,,,,16.06667,,,,,18.06667,,,,,19.93333,,,,,21.66667,,,,,24.4,,,,,27.86667,,,,,30.73333,,,,,33,,,,,33.33333,,,,,35.73333,,,,,37.6,,,,,42.53333,,,,,46.26667,,,,,50.86667,,,,,51.66667,,,,,55.2,,,,,59.73333,66,67.33333,68,69.33333,70,70.66667,71.33333,72,72.66667,74,74,76,76.66667,77.33333,77.33333,78,78.66667,79.33333,80.66667,81.33333,82,78,80.66667,75.33333,80.66667,81.33333,82
prt,Portugal,1.26667,,,,,1.53333,,,,,1.93333,,,,,2.4,,,,,3,,,,,3.66667,,,,,4.4,,,,,5.13333,,,,,5.73333,,,,,6.26667,,,,,6.73333,,,,,7.46667,,,,,8.06667,,,,,8.73333,,,,,9.33333,,,,,10.33333,,,,,10.8,,,,,12,,,,,13,,,,,14.73333,,,,,16.6,,,,,19.86667,,,,,24.8,,,,,30.06667,,,,,35,42,42,42.66667,42.66667,42.66667,43.33333,43.33333,44.66667,44.66667,45.33333,46,46.66667,48,49.33333,50,50.66667,51.33333,52,52.66667,54,55.33333,56.66667,57.33333,59.33333,60.66667,61.33333,61.33333
pry,Paraguay,0.33333,,,,,0.4,,,,,0.53333,,,,,0.66667,,,,,0.86667,,,,,1.06667,,,,,3.66667,,,,,5.4,,,,,7,,,,,8.93333,,,,,10.53333,,,,,12.73333,,,,,14.46667,,,,,16.2,,,,,17.26667,,,,,18.73333,,,,,17,,,,,18.8,,,,,20.73333,,,,,22.46667,,,,,24.93333,,,,,27.26667,,,,,30.93333,,,,,35.06667,,,,,38.2,38.66667,39.33333,40,40,40.66667,40.66667,40,40,39.33333,39.33333,41.33333,43.33333,46.66667,47.33333,48.66667,47.33333,47.33333,49.33333,46.66667,51.33333,52,52,55.33333,54.66667,56.66667,56,56
pse,Palestine,,,,,,,,,,,,,,,,,,,,,,,,,,,,,,,,,,,,,,,,,,,,,,,,,,,,,,,,,,,,,,,,,,,,,,,,,,,,,,,,,,,,,,,,,,,,,,,,,,,,,,,,,,,,,,,,,,,,,,,,,,,,,,,,,,,,,,,51.33333,52,52.66667,53.33333,54.66667,56.66667,56.66667,58,60,59.33333,59.33333,60,60.66667,60.66667
qat,Qatar,,,,,,,,,,,,,,,,,,,,,,,,,,,,,,,,,,,,,,,,,,,,,,,,,,,,,,,,,,,,,,,,,,,,,,,,,,,,,,,,,7,,,,,9,,,,,12.33333,,,,,16.2,,,,,21.73333,,,,,24.66667,,,,,29.4,,,,,33.13333,,,,,35.86667,36.66667,37.33333,38,38.66667,39.33333,42,44.66667,47.33333,50,52.66667,53.33333,54,54.66667,56,58.66667,61.33333,64,64.66667,61.33333,56,58,61.33333,66,65.33333,65.33333,65.33333,65.33333
rou,Romania,0.53333,,,,,0.6,,,,,0.73333,,,,,0.8,,,,,0.93333,,,,,1.06667,,,,,1.26667,,,,,1.53333,,,,,2,,,,,3.73333,,,,,6.46667,,,,,8.73333,,,,,10.86667,,,,,12.53333,,,,,13.93333,,,,,16.8,,,,,26.33333,,,,,27.4,,,,,31.26667,,,,,33.8,,,,,40.33333,,,,,46.93333,,,,,51.46667,,,,,56.06667,,,,,60.33333,60.66667,61.33333,62,62.66667,63.33333,64,64.66667,64.66667,65.33333,66,64.66667,64,64.66667,66,67.33333,68.66667,70,70.66667,70.66667,71.33333,72,72.66667,72.66667,72.66667,72.66667,73.33333,73.33333
rus,Russia,0.73333,,,,,0.86667,,,,,1.06667,,,,,1.26667,,,,,1.46667,,,,,1.73333,,,,,2,,,,,2.46667,,,,,3.2,,,,,4.33333,,,,,5.86667,,,,,7.86667,,,,,10.13333,,,,,12.86667,,,,,15.73333,,,,,19.73333,,,,,21.06667,,,,,25.73333,,,,,27.8,,,,,31.8,,,,,35.06667,,,,,39.33333,,,,,45,,,,,51.73333,,,,,59.4,62.66667,63.33333,64.66667,66,66.66667,68.66667,70.66667,72,74,75.33333,76,76,76,76,76,76,76,76,76.66667,76.66667,77.33333,78,78.66667,79.33333,80,80,80
rwa,Rwanda,,,,,,,,,,,,,,,,,,,,,,,,,,,,,,,,,,,,,,,,,,,,,,,,,,,,,,,,,,,,,,,,,,,,,,,,,,,,,,,,,1.33333,,,,,1.93333,,,,,2.4,,,,,3.6,,,,,4.6,,,,,6.4,,,,,8.06667,,,,,10.06667,,,,,11.73333,12,12,12.66667,12.66667,13.33333,13.33333,14,14,14.66667,15.33333,16,16.66667,17.33333,18,18.66667,19.33333,20.66667,21.33333,22,25.33333,25.33333,24.66667,25.33333,26.66667,26.66667,27.33333,27.33333
sau,Saudi Arabia,,,,,,,,,,,,,,,,,,,,,,,,,,,,,,,,,,,,,,,,,,,,,,,,,,,,,,,,,,,,,,,,,,,,,,,,,,,,,,,,,14.46667,,,,,16.33333,,,,,18.13333,,,,,19.73333,,,,,21.26667,,,,,22.33333,,,,,26.8,,,,,31.4,,,,,37,38.66667,38.66667,40,40,41.33333,42,42.66667,43.33333,44,44.66667,45.33333,46.66667,47.33333,50,50.66667,52,54,55.33333,57.33333,59.33333,60.66667,62.66667,63.33333,63.33333,63.33333,63.33333,63.33333
sdn,Sudan,0.06667,,,,,0.06667,,,,,0.06667,,,,,0.06667,,,,,0.06667,,,,,0.06667,,,,,0.06667,,,,,0.13333,,,,,0.13333,,,,,0.2,,,,,0.33333,,,,,0.4,,,,,0.53333,,,,,0.66667,,,,,0.93333,,,,,1.2,,,,,1.53333,,,,,1.93333,,,,,2.53333,,,,,3.13333,,,,,3.93333,,,,,4.66667,,,,,6,,,,,7.26667,,,,,10,10.66667,11.33333,12,12.66667,13.33333,14,14.66667,15.33333,15.33333,16,16.66667,17.33333,18,18.66667,19.33333,20,20,20,20.66667,20.66667,21.33333,22,22.66667,23.33333,24,24,24.66667
sen,Senegal,0.06667,,,,,0.06667,,,,,0.06667,,,,,0.06667,,,,,0.06667,,,,,0.06667,,,,,0.06667,,,,,0.06667,,,,,0.13333,,,,,0.13333,,,,,0.2,,,,,2.53333,,,,,4.33333,,,,,5.93333,,,,,7.33333,,,,,8.73333,,,,,11,,,,,12.13333,,,,,14.06667,,,,,13.93333,,,,,14.13333,,,,,14.26667,,,,,14.86667,,,,,15.33333,,,,,14.66667,14.66667,14,14,14,14,13.33333,13.33333,13.33333,12.66667,12.66667,15.33333,16,16,16,16,16,16,16,16,16,16,17.33333,18.66667,18.66667,19.33333,19.33333,20
sgp,Singapore,,,,,,,,,,,,,,,,,,,,,,,,,,,,,,,,,,,,,,,,,,,,,,,,,,,,,,,,,,,,,,,,,,,,,,,,,,,,,,,,,14.26667,,,,,16.66667,,,,,18.73333,,,,,22.2,,,,,25.06667,,,,,25.86667,,,,,24.93333,,,,,33.86667,,,,,38.6,40.66667,42.66667,44.66667,46.66667,48.66667,50.66667,53.33333,55.33333,57.33333,59.33333,61.33333,63.33333,65.33333,68,70,67.33333,68,70,70,74.66667,74.66667,75.33333,76,76,76.66667,76.66667,76.66667
slb,Solomon Islands,,,,,,,,,,,,,,,,,,,,,,,,,,,,,,,,,,,,,,,,,,,,,,,,,,,,,,,,,,,,,,,,,,,,,,,,,,,,,,,,,,,,,,,,,,,,,,,,,,,,,,,,,,,,,,,,,,,,,,,,,,,,,,,,,,30,30.66667,30.66667,31.33333,31.33333,32,32,32.66667,32.66667,33.33333,33.33333,34,34.66667,34.66667,35.33333,35.33333,36,36,36.66667
sle,Sierra Leone,0.13333,,,,,0.13333,,,,,0.13333,,,,,0.2,,,,,0.26667,,,,,0.26667,,,,,0.33333,,,,,0.46667,,,,,0.6,,,,,0.93333,,,,,1.2,,,,,1.46667,,,,,1.66667,,,,,1.8,,,,,2.2,,,,,2.53333,,,,,2.73333,,,,,2.86667,,,,,3.06667,,,,,3.53333,,,,,3.86667,,,,,4.86667,,,,,6.4,,,,,8.33333,,,,,10.53333,11.33333,11.33333,12,12.66667,13.33333,13.33333,14,14.66667,14.66667,15.33333,16,16.66667,16.66667,17.33333,18,18.66667,18.66667,19.33333,20,20.66667,20.66667,21.33333,22,22,22.66667,22.66667,23.33333
slv,El Salvador,1.06667,,,,,1.33333,,,,,1.66667,,,,,2.06667,,,,,2.53333,,,,,3.13333,,,,,4.53333,,,,,5.6,,,,,6.53333,,,,,7.2,,,,,7.8,,,,,8.33333,,,,,8.8,,,,,9.2,,,,,9.4,,,,,9.86667,,,,,9.33333,,,,,10.4,,,,,11.13333,,,,,13,,,,,15.2,,,,,17.53333,,,,,20.33333,,,,,22.66667,,,,,24.8,25.33333,26,26.66667,27.33333,28,29.33333,30.66667,32,33.33333,34.66667,35.33333,36.66667,38,38.66667,40,42.66667,38.66667,42.66667,43.33333,47.33333,43.33333,44.66667,44,43.33333,44,46,46
som,Somalia,,,,,,,,,,,,,,,,,,,,,,,,,,,,,,,,,,,,,,,,,,,,,,,,,,,,,,,,,,,,,,,,,,,,,,,,,,,,,,,,,,,,,,,,,,,,,,,,,,,,,,,,,,,,,,,,,,,,,,,,,,,,,,,,,,,,,,,,,14,,,,,,,,,,,
srb,Serbia,0.4,,,,,0.53333,,,,,0.6,,,,,0.73333,,,,,1,,,,,1.4,,,,,2.13333,,,,,4.86667,,,,,6.8,,,,,9.73333,,,,,12.66667,,,,,15.46667,,,,,18,,,,,20.6,,,,,23.2,,,,,25.6,,,,,26.13333,,,,,29.73333,,,,,30.26667,,,,,32.66667,,,,,35.13333,,,,,39.53333,,,,,44.8,,,,,49.4,,,,,53,54,55.33333,56.66667,57.33333,58.66667,59.33333,60,61.33333,62,62.66667,64,64.66667,66,66.66667,68,68,68,69.33333,69.33333,69.33333,70.66667,70,69.33333,71.33333,73.33333,74,74
ssd,South Sudan,,,,,,,,,,,,,,,,,,,,,,,,,,,,,,,,,,,,,,,,,,,,,,,,,,,,,,,,,,,,,,,,,,,,,,,,,,,,,,,,,,,,,,,,,,,,,,,,,,,,,,,,,,,,,,,,,,,,,,,,,,,,,,,,,,,,,,,,,,,32,32,32,32,32,32,32,32,32,32
stp,Sao Tome and Principe,,,,,,,,,,,,,,,,,,,,,,,,,,,,,,,,,,,,,,,,,,,,,,,,,,,,,,,,,,,,,,,,,,,,,,,,,,,,,,,,,,,,,,,,,,,,,,,,,,,,,,,,,,,,,,,,,,,,,,,,,,20,20.66667,22,22.66667,23.33333,24.66667,25.33333,26,27.33333,28,28.66667,28.66667,29.33333,29.33333,30,30,30.66667,31.33333,32,32.66667,33.33333,34,34.66667,35.33333,37.33333,40,42
sur,Suriname,,,,,,,,,,,,,,,,,,,,,,,,,,,,,,,,,,,,,,,,,,,,,,,,,,,,,,,,,,,,,,,,,,,,,,,,,,,,,,,,,,,,,,,,,,,,,,,,,,,,,,,,,,,,,,,,,,,,,,,,,,,,,,,,,,,,,,,51.33333,51.33333,51.33333,51.33333,51.33333,51.33333,51.33333,52,52.66667,54,54.66667,56,56.66667,56.66667
svk,Slovak Republic,,,,,,,,,,,,,,,,,,,,,,,,,,,,,,,,,,,,,,,,,,,,,,,,,,,,,,,,,,,,,,,,,,,,,,,,,,,,,,,,,54.13333,,,,,55.06667,,,,,53.93333,,,,,59.4,,,,,63.06667,,,,,65.46667,,,,,67.53333,,,,,69.2,,,,,71.66667,72.66667,73.33333,74,75.33333,76,74.66667,73.33333,72,70,68.66667,67.33333,68.66667,69.33333,70.66667,72,72.66667,74,74.66667,76,77.33333,80.66667,82,81.33333,82,83.33333,83.33333,83.33333
svn,Slovenia,,,,,,,,,,,,,,,,,,,,,,,,,,,,,,,,,,,,,,,,,,,,,,,,,,,,,,,,,,,,,,,,,,,,,,,,,,,,,,,,,37.8,,,,,40.86667,,,,,40.8,,,,,46.26667,,,,,50.6,,,,,55.53333,,,,,59.8,,,,,66.13333,,,,,72.73333,73.33333,73.33333,74,74.66667,74.66667,75.33333,76,76,76.66667,77.33333,76.66667,76.66667,76.66667,80,78,78.66667,78.66667,79.33333,80.66667,80.66667,81.33333,78,78,79.33333,80,82,81.33333
swe,Sweden,23.4,,,,,23.93333,,,,,24.46667,,,,,25.33333,,,,,26.33333,,,,,27.2,,,,,28.06667,,,,,28.86667,,,,,29.6,,,,,30.13333,,,,,30.73333,,,,,32.46667,,,,,34.06667,,,,,36.53333,,,,,38.86667,,,,,41.53333,,,,,42.93333,,,,,44.73333,,,,,48,,,,,50.46667,,,,,53.06667,,,,,60.13333,,,,,64.13333,,,,,67,,,,,70.26667,70.66667,71.33333,72,72.66667,72.66667,73.33333,74,74.66667,75.33333,76,76.66667,77.33333,78.66667,82,82.66667,82.66667,83.33333,81.33333,81.33333,82,82.66667,82.66667,81.33333,82,82.66667,82.66667,82.66667
swz,Eswatini,0.06667,,,,,0.06667,,,,,0.06667,,,,,0.06667,,,,,0.06667,,,,,0.06667,,,,,0.06667,,,,,0.06667,,,,,0.06667,,,,,0.53333,,,,,0.86667,,,,,1.26667,,,,,2.4,,,,,3.4,,,,,4.46667,,,,,5.46667,,,,,6.8,,,,,7.73333,,,,,9.4,,,,,10.53333,,,,,14.46667,,,,,19,,,,,23.66667,,,,,27.93333,,,,,29,28.66667,28.66667,28.66667,28.66667,28,28,27.33333,26.66667,26,26,24.66667,24,22.66667,26.66667,30,34,35.33333,36,37.33333,38,39.33333,40.66667,42,43.33333,43.33333,43.33333,43.33333
syc,Seychelles,,,,,,,,,,,,,,,,,,,,,,,,,,,,,,,,,,,,,,,,,,,,,,,,,,,,,,,,,,,,,,,,,,,,,,,,,,,,,,,,,,,,,,,,,,,,,,,,,,,,,,,,,,,,,,,,,,,,,,,,,,,,,,,,,,,49.33333,50,50.66667,50.66667,51.33333,51.33333,52,52.66667,53.33333,53.33333,54,56,58.66667,60.66667,62.66667,63.33333,63.33333,63.33333
syr,Syria,0.06667,,,,,0.06667,,,,,0.06667,,,,,0.06667,,,,,0.13333,,,,,0.13333,,,,,0.2,,,,,0.2,,,,,0.73333,,,,,1.06667,,,,,1.4,,,,,1.8,,,,,2.13333,,,,,2.6,,,,,3.06667,,,,,3.8,,,,,4.06667,,,,,4.93333,,,,,5.73333,,,,,7.46667,,,,,9.06667,,,,,12.2,,,,,16.46667,,,,,21.73333,,,,,26.46667,27.33333,28,28.66667,29.33333,30,30,30,30,30.66667,30.66667,32,31.33333,34,36,38.66667,41.33333,43.33333,42,44,42,42,42,42,37.33333,34,34,34
tcd,Chad,,,,,,,,,,,,,,,,,,,,,,,,,,,,,,,,,,,,,,,,,,,,,,,,,,,,,,,,,,,,,,,,,,,,,,,,,,,,,,,,,,,,,,,,,,,,,,,,,,,,,,,,,,,,,,,,,,,,,,,,,,,,,,,,,,,9.33333,9.33333,9.33333,9.33333,9.33333,10,10.66667,11.33333,12,12,12.66667,13.33333,14,14,14.66667,15.33333,15.33333,15.33333
tgo,Togo,0.06667,,,,,0.06667,,,,,0.06667,,,,,0.06667,,,,,0.13333,,,,,0.13333,,,,,0.13333,,,,,0.2,,,,,0.26667,,,,,0.46667,,,,,0.6,,,,,0.66667,,,,,0.8,,,,,1.06667,,,,,1.26667,,,,,1.53333,,,,,1.66667,,,,,2,,,,,2.33333,,,,,2.8,,,,,3.2,,,,,6.8,,,,,11.46667,,,,,15.8,,,,,19.93333,20.66667,21.33333,22,22.66667,23.33333,24,24.66667,25.33333,26,26.66667,26.66667,27.33333,27.33333,28,28,28.66667,28.66667,28.66667,28.66667,28.66667,29.33333,29.33333,30,31.33333,31.33333,32,32
tha,Thailand,,,,,,0.06667,,,,,0.06667,,,,,0.06667,,,,,0.06667,,,,,0.06667,,,,,0.13333,,,,,0.2,,,,,1.6,,,,,2.46667,,,,,3.4,,,,,4,,,,,4.66667,,,,,5.2,,,,,5.6,,,,,7.6,,,,,8.93333,,,,,11.4,,,,,13.8,,,,,12.6,,,,,12.46667,,,,,14.06667,,,,,17.8,,,,,21.73333,,,,,25.53333,31.33333,31.33333,32,32.66667,33.33333,34.66667,36.66667,38,39.33333,40.66667,42,43.33333,44.66667,45.33333,46.66667,46.66667,47.33333,48.66667,50,51.33333,50,51.33333,50,50.66667,50.66667,50.66667,50.66667
tjk,Tajikistan,,,,,,,,,,,,,,,,,,,,,,,,,,,,,,,,,,,,,,,,,,,,,,,,,,,,,,,,,,,,,,,,,,,,,,,,,,,,,,,,,20.46667,,,,,24.13333,,,,,27.66667,,,,,33.66667,,,,,37.53333,,,,,44.06667,,,,,51.53333,,,,,58.2,,,,,63.8,65.33333,66.66667,68,69.33333,70.66667,70.66667,70.66667,70.66667,70.66667,70.66667,70.66667,70.66667,70.66667,70,70,70,70,73.33333,72.66667,72.66667,72,71.33333,71.33333,70.66667,70,70,69.33333
tkm,Turkmenistan,,,,,,,,,,,,,,,,,,,,,,,,,,,,,,,,,,,,,,,,,,,,,,,,,,,,,,,,,,,,,,,,,,,,,,,,,,,,,,,,,,,,,,,,,,,,,,,,,,,,,,,,,,,,,,,,,,,,,,,,,,,,,,,,,,,,,,,,,,,,,66,66,65.33333,65.33333,65.33333,65.33333,65.33333,65.33333
ton,Tonga,,,,,,,,,,,,,,,,,,,,,,,,,,,,,,,,,,,,,,,,,,,,,,,,,,,,,,,,,,,,,,,,,,,,,,,,,,,,,,,,,41.33333,,,,,42.46667,,,,,43.13333,,,,,43.93333,,,,,45.2,,,,,45.46667,,,,,48.26667,,,,,50.53333,,,,,55.33333,56.66667,57.33333,58.66667,60,60.66667,60.66667,60.66667,60.66667,60.66667,60.66667,60.66667,60.66667,61.33333,61.33333,61.33333,62.66667,65.33333,67.33333,69.33333,71.33333,72.66667,72.66667,73.33333,74,74.66667,74.66667,74.66667
tto,Trinidad and Tobago,2.33333,,,,,3,,,,,3.86667,,,,,4.46667,,,,,5.4,,,,,6.86667,,,,,8.26667,,,,,10.2,,,,,12.93333,,,,,15.2,,,,,18.33333,,,,,21.2,,,,,23.6,,,,,26.26667,,,,,28.46667,,,,,30.53333,,,,,30.73333,,,,,33.4,,,,,34.6,,,,,36.6,,,,,38,,,,,42.46667,,,,,46.53333,,,,,50.26667,,,,,52.93333,54,54.66667,55.33333,56,56.66667,58,58.66667,59.33333,60,61.33333,62,62.66667,63.33333,65.33333,66.66667,66,70,71.33333,71.33333,71.33333,72,72,72,72,72,72.66667,72.66667
tun,Tunisia,0.06667,,,,,0.06667,,,,,0.06667,,,,,0.06667,,,,,0.06667,,,,,0.06667,,,,,0.06667,,,,,0.13333,,,,,0.13333,,,,,0.6,,,,,1,,,,,1.4,,,,,1.66667,,,,,2.13333,,,,,2.53333,,,,,2.93333,,,,,3.2,,,,,3.53333,,,,,4.26667,,,,,4.86667,,,,,6.66667,,,,,8.73333,,,,,13.46667,,,,,17.46667,,,,,22.86667,24,24.66667,26,26.66667,27.33333,28.66667,29.33333,30.66667,31.33333,32.66667,34,34.66667,36,37.33333,38.66667,39.33333,40.66667,42,42.66667,44.66667,46,45.33333,45.33333,46,46.66667,47.33333,48
tur,Turkey,0.06667,,,,,0.06667,,,,,0.06667,,,,,0.13333,,,,,0.13333,,,,,0.2,,,,,0.73333,,,,,1.33333,,,,,1.86667,,,,,2.73333,,,,,3.4,,,,,4.06667,,,,,4.46667,,,,,4.93333,,,,,5.2,,,,,5.93333,,,,,6.6,,,,,8.26667,,,,,9.93333,,,,,12.53333,,,,,13.46667,,,,,15.26667,,,,,19.13333,,,,,26.46667,,,,,30.2,30.66667,30.66667,31.33333,32,32,33.33333,34,35.33333,36,36.66667,37.33333,38,38.66667,39.33333,40,40.66667,41.33333,42,43.33333,44.66667,48,50,51.33333,50.66667,52,53.33333,53.33333
tza,Tanzania,,,,,,,,,,,,,,,,,,,,,,,,,,,,,,,,,,,,,,,,,,,,,,,,,,,,,,,,,,,,,,,,,,,,,,,,,,,,,,,,,9,,,,,9.2,,,,,9.53333,,,,,10.8,,,,,11.93333,,,,,14.53333,,,,,16.86667,,,,,21.06667,,,,,24,24.66667,25.33333,26,26.66667,27.33333,27.33333,28,28,28,28,28.66667,28.66667,29.33333,30,32,32,32.66667,33.33333,33.33333,34,34,36.66667,36.66667,37.33333,38.66667,38.66667,38.66667
uga,Uganda,0.06667,,,,,0.06667,,,,,0.06667,,,,,0.06667,,,,,0.06667,,,,,0.06667,,,,,0.06667,,,,,0.06667,,,,,0.8,,,,,1.33333,,,,,1.8,,,,,2.13333,,,,,2.46667,,,,,2.66667,,,,,2.86667,,,,,4.4,,,,,5.26667,,,,,6.13333,,,,,6.86667,,,,,6.53333,,,,,7,,,,,9.53333,,,,,12.13333,,,,,15.13333,,,,,18.46667,19.33333,20,20.66667,22,22.66667,23.33333,24,24.66667,25.33333,26,26.66667,28,28.66667,29.33333,29.33333,30.66667,32,34.66667,34.66667,38,36,35.33333,36,36.66667,38,38,40.66667
ukr,Ukraine,,,,,,,,,,,,,,,,,,,,,,,,,,,,,,,,,,,,,,,,,,,,,,,,,,,,,,,,,,,,,,,,,,,,,,,,,,,,,,,,,25.53333,,,,,28.86667,,,,,31.53333,,,,,35.2,,,,,38.4,,,,,42.33333,,,,,47.53333,,,,,55,,,,,60.93333,62,63.33333,64.66667,66,66.66667,68,68.66667,69.33333,70.66667,71.33333,69.33333,70,70.66667,71.33333,74.66667,74.66667,74.66667,75.33333,75.33333,75.33333,75.33333,75.33333,75.33333,75.33333,75.33333,75.33333,75.33333
ury,Uruguay,1.6,,,,,2,,,,,2.46667,,,,,3,,,,,3.66667,,,,,4.53333,,,,,5.33333,,,,,6,,,,,6.66667,,,,,10.2,,,,,12.6,,,,,14.86667,,,,,17.53333,,,,,19.86667,,,,,22.8,,,,,25.26667,,,,,27.13333,,,,,28.53333,,,,,30.4,,,,,31.53333,,,,,34.93333,,,,,37.4,,,,,41.66667,,,,,45.73333,,,,,47.53333,48,48,48.66667,48.66667,49.33333,50,50.66667,51.33333,52.66667,53.33333,53.33333,53.33333,53.33333,53.33333,53.33333,53.33333,54.66667,56,56,56,56,56.66667,56.66667,57.33333,58,58,58
usa,USA,24.66667,,,,,27.26667,,,,,29.93333,,,,,32.33333,,,,,36.33333,,,,,40.06667,,,,,43.2,,,,,46.2,,,,,45.93333,,,,,47.46667,,,,,48.53333,,,,,50.4,,,,,51.6,,,,,53.53333,,,,,55.46667,,,,,58.26667,,,,,54.2,,,,,56.66667,,,,,59.33333,,,,,65.46667,,,,,70.73333,,,,,76,,,,,79.6,,,,,80.93333,,,,,82.13333,82.66667,83.33333,84,84.66667,84.66667,84.66667,84.66667,84.66667,84.66667,84.66667,84.66667,84.66667,85.33333,85.33333,85.33333,85.33333,86,88,88,88,88.66667,88.66667,88,88.66667,88.66667,89.33333,89.33333
uzb,Uzbekistan,,,,,,,,,,,,,,,,,,,,,,,,,,,,,,,,,,,,,,,,,,,,,,,,,,,,,,,,,,,,,,,,,,,,,,,,,,,,,,,,,,,,,,,,,,,,,,,,,,,,,,,,,,,,,,,,,,,,,,,,,,,,,,,,,,,60.66667,61.33333,62.66667,63.33333,64.66667,65.33333,66,67.33333,68.66667,70,71.33333,72.66667,74,75.33333,75.33333,76,76,76.66667
vct,St. Vincent and the Grenadines,,,,,,,,,,,,,,,,,,,,,,,,,,,,,,,,,,,,,,,,,,,,,,,,,,,,,,,,,,,,,,,,,,,,,,,,,,,,,,,,,,,,,,,,,,,,,,,,,,,,,,,,,,,,,,,,,,,,,,,,,,,,,,,,,,,50.66667,50.66667,51.33333,52,52,52.66667,53.33333,54,54,54.66667,55.33333,56,56.66667,57.33333,57.33333,57.33333,57.33333,57.33333
ven,Venezuela,0.06667,,,,,0.06667,,,,,0.13333,,,,,0.13333,,,,,0.2,,,,,0.2,,,,,2.13333,,,,,3.46667,,,,,4.73333,,,,,5.73333,,,,,6.53333,,,,,7.46667,,,,,8.06667,,,,,9,,,,,9.4,,,,,10.2,,,,,10,,,,,11.93333,,,,,12.86667,,,,,14.2,,,,,16.06667,,,,,21.66667,,,,,29.46667,,,,,30.86667,,,,,30.6,32,33.33333,34,35.33333,36.66667,38,38.66667,40,41.33333,42.66667,42.66667,45.33333,46.66667,48,49.33333,50.66667,54,54.66667,55.33333,59.33333,65.33333,64.66667,66,66.66667,67.33333,67.33333,68.66667
vnm,Vietnam,,,,,,,,,,,,,,,,,,,,,,,,,,,,,,,,,,,,,,,,,,,,,,,,,,,,,,,,,,,,,,,,,,,,,,,,,,,,,,,,,12.4,,,,,12.93333,,,,,13.4,,,,,17.26667,,,,,20,,,,,23.73333,,,,,27.86667,,,,,28.73333,,,,,26.26667,27.33333,28,28.66667,30,30.66667,32,32.66667,34,35.33333,36,37.33333,38.66667,40,41.33333,42.66667,44,45.33333,46.66667,53.33333,50,50.66667,52,52.66667,52,53.33333,54,54.66667
vut,Vanuatu,,,,,,,,,,,,,,,,,,,,,,,,,,,,,,,,,,,,,,,,,,,,,,,,,,,,,,,,,,,,,,,,,,,,,,,,,,,,,,,,,,,,,,,,,,,,,,,,,,,,,,,,,,,,,,,,,,,,,,,,,,,,,,,,,,,,,,,,43.33333,43.33333,44,44,44,44.66667,44.66667,45.33333,45.33333,45.33333,45.33333,45.33333,45.33333
wsm,Samoa,,,,,,,,,,,,,,,,,,,,,,,,,,,,,,,,,,,,,,,,,,,,,,,,,,,,,,,,,,,,,,,,,,,,,,,,,,,,,,,,,,,,,,,,,,,,,,,,,,,,,,,,,,,,,,,,,,,,,,,,,,51.33333,52,53.33333,54,54.66667,55.33333,56.66667,57.33333,58,58.66667,59.33333,60.66667,61.33333,62,62.66667,63.33333,64.66667,65.33333,66,66.66667,68,68,68.66667,68.66667,68.66667,68.66667,68.66667
yem,Yemen,0.06667,,,,,0.06667,,,,,0.06667,,,,,0.06667,,,,,0.06667,,,,,0.06667,,,,,0.06667,,,,,0.06667,,,,,0.06667,,,,,0.06667,,,,,0.06667,,,,,0.06667,,,,,0.06667,,,,,0.06667,,,,,0.06667,,,,,0.06667,,,,,0.06667,,,,,0.06667,,,,,0.06667,,,,,0.06667,,,,,0.06667,,,,,,,,,,0.33333,,,,,0.8,,,,,1.93333,2.66667,2.66667,3.33333,4,4.66667,5.33333,6,6.66667,7.33333,8,8.66667,10,10.66667,11.33333,12.66667,13.33333,14.66667,15.33333,16.66667,17.33333,18.66667,20,20,20,20,20,20
zaf,South Africa,3.46667,,,,,4.13333,,,,,4.93333,,,,,5.8,,,,,7,,,,,8.4,,,,,9.2,,,,,8.93333,,,,,9.06667,,,,,9.13333,,,,,12.13333,,,,,14.93333,,,,,17.46667,,,,,20.4,,,,,22.93333,,,,,25.2,,,,,25,,,,,27.66667,,,,,27.8,,,,,28.6,,,,,29.6,,,,,31.06667,,,,,32.13333,,,,,31.86667,,,,,43.26667,44,48,50,52.66667,54.66667,55.33333,56,56.66667,58,58.66667,50,56.66667,58.66667,58.66667,59.33333,60,60.66667,64.66667,67.33333,66.66667,66,65.33333,66,66.66667,67.33333,67.33333,67.33333
zmb,Zambia,0.06667,,,,,0.06667,,,,,0.06667,,,,,0.06667,,,,,0.06667,,,,,0.06667,,,,,0.06667,,,,,0.06667,,,,,0.06667,,,,,1.46667,,,,,2.46667,,,,,3.33333,,,,,4,,,,,5.4,,,,,6.53333,,,,,8.06667,,,,,9,,,,,10.73333,,,,,12.2,,,,,14.4,,,,,18.93333,,,,,19.66667,,,,,22.4,,,,,26.93333,,,,,31.2,33.33333,34.66667,36.66667,38.66667,40,40,40,39.33333,39.33333,39.33333,40,40.66667,40.66667,41.33333,42,42.66667,42.66667,43.33333,43.33333,44,44.66667,44.66667,45.33333,46,46,46.66667,46.66667
zwe,Zimbabwe,0.06667,,,,,0.06667,,,,,0.06667,,,,,0.06667,,,,,0.06667,,,,,0.06667,,,,,0.06667,,,,,0.06667,,,,,0.06667,,,,,0.33333,,,,,0.6,,,,,0.93333,,,,,1.53333,,,,,2.46667,,,,,4.66667,,,,,6.6,,,,,6.8,,,,,8.6,,,,,10.8,,,,,13.2,,,,,15.26667,,,,,19.26667,,,,,21.6,,,,,26.6,,,,,30.2,31.33333,32.66667,34,35.33333,36.66667,38,39.33333,40.66667,42,43.33333,44.66667,46,45.33333,45.33333,45.33333,45.33333,46.66667,46.66667,48,48.66667,48.66667,52.66667,53.33333,54.66667,54.66667,54.66667,54.66667
